2026-06-20 20:36:47,890:WARNING:
'cuml' is a soft dependency and not included in the pycaret installation. Please run: `pip install cuml` to install.
2026-06-20 20:36:47,890:WARNING:
'cuml' is a soft dependency and not included in the pycaret installation. Please run: `pip install cuml` to install.
2026-06-20 20:36:47,890:WARNING:
'cuml' is a soft dependency and not included in the pycaret installation. Please run: `pip install cuml` to install.
2026-06-20 20:36:47,890:WARNING:
'cuml' is a soft dependency and not included in the pycaret installation. Please run: `pip install cuml` to install.
2026-06-20 20:36:47,986:INFO:PyCaret RegressionExperiment
2026-06-20 20:36:47,986:INFO:Logging name: reg-default-name
2026-06-20 20:36:47,986:INFO:ML Usecase: MLUsecase.REGRESSION
2026-06-20 20:36:47,986:INFO:version 3.3.2
2026-06-20 20:36:47,986:INFO:Initializing setup()
2026-06-20 20:36:47,986:INFO:self.USI: 7249
2026-06-20 20:36:47,986:INFO:self._variable_keys: {'fold_generator', 'transform_target_param', 'fold_shuffle_param', '_ml_usecase', 'seed', 'exp_id', 'y_test', 'X_train', 'target_param', 'fold_groups_param', 'gpu_param', '_available_plots', 'data', 'idx', 'html_param', 'memory', 'y', 'y_train', 'pipeline', 'log_plots_param', 'n_jobs_param', 'gpu_n_jobs_param', 'X_test', 'exp_name_log', 'logging_param', 'X', 'USI'}
2026-06-20 20:36:47,986:INFO:Checking environment
2026-06-20 20:36:47,986:INFO:python_version: 3.11.15
2026-06-20 20:36:47,986:INFO:python_build: ('main', 'Jun 11 2026 15:14:57')
2026-06-20 20:36:47,986:INFO:machine: arm64
2026-06-20 20:36:47,986:INFO:platform: macOS-26.2-arm64-arm-64bit
2026-06-20 20:36:47,986:INFO:Memory: svmem(total=17179869184, available=6518734848, percent=62.1, used=8302903296, free=333365248, active=6189514752, inactive=6126485504, wired=2113388544)
2026-06-20 20:36:47,986:INFO:Physical Core: 10
2026-06-20 20:36:47,986:INFO:Logical Core: 10
2026-06-20 20:36:47,986:INFO:Checking libraries
2026-06-20 20:36:47,986:INFO:System:
2026-06-20 20:36:47,986:INFO:    python: 3.11.15 (main, Jun 11 2026, 15:14:57) [Clang 20.1.8 ]
2026-06-20 20:36:47,986:INFO:executable: /Users/junhwi/anaconda3/envs/Sampyo/bin/python
2026-06-20 20:36:47,986:INFO:   machine: macOS-26.2-arm64-arm-64bit
2026-06-20 20:36:47,986:INFO:PyCaret required dependencies:
2026-06-20 20:36:47,986:WARNING:/Users/junhwi/anaconda3/envs/Sampyo/lib/python3.11/site-packages/_distutils_hack/__init__.py:30: UserWarning: Setuptools is replacing distutils. Support for replacing an already imported distutils is deprecated. In the future, this condition will fail. Register concerns at https://github.com/pypa/setuptools/issues/new?template=distutils-deprecation.yml
  warnings.warn(

2026-06-20 20:36:48,011:INFO:                 pip: 26.1.1
2026-06-20 20:36:48,011:INFO:          setuptools: 81.0.0
2026-06-20 20:36:48,011:INFO:             pycaret: 3.3.2
2026-06-20 20:36:48,011:INFO:             IPython: 9.14.1
2026-06-20 20:36:48,011:INFO:          ipywidgets: 8.1.8
2026-06-20 20:36:48,011:INFO:                tqdm: 4.68.2
2026-06-20 20:36:48,011:INFO:               numpy: 1.26.4
2026-06-20 20:36:48,011:INFO:              pandas: 2.1.4
2026-06-20 20:36:48,011:INFO:              jinja2: 3.1.6
2026-06-20 20:36:48,011:INFO:               scipy: 1.11.4
2026-06-20 20:36:48,011:INFO:              joblib: 1.3.2
2026-06-20 20:36:48,011:INFO:             sklearn: 1.4.2
2026-06-20 20:36:48,011:INFO:                pyod: 3.4.0
2026-06-20 20:36:48,011:INFO:            imblearn: 0.14.2
2026-06-20 20:36:48,011:INFO:   category_encoders: 2.7.0
2026-06-20 20:36:48,011:INFO:            lightgbm: 4.6.0
2026-06-20 20:36:48,011:INFO:               numba: 0.65.1
2026-06-20 20:36:48,011:INFO:            requests: 2.34.2
2026-06-20 20:36:48,011:INFO:          matplotlib: 3.7.5
2026-06-20 20:36:48,011:INFO:          scikitplot: 0.3.7
2026-06-20 20:36:48,011:INFO:         yellowbrick: 1.5
2026-06-20 20:36:48,011:INFO:              plotly: 6.8.0
2026-06-20 20:36:48,011:INFO:    plotly-resampler: Not installed
2026-06-20 20:36:48,011:INFO:             kaleido: 1.3.0
2026-06-20 20:36:48,011:INFO:           schemdraw: 0.15
2026-06-20 20:36:48,011:INFO:         statsmodels: 0.14.6
2026-06-20 20:36:48,011:INFO:              sktime: 0.26.0
2026-06-20 20:36:48,011:INFO:               tbats: 1.1.3
2026-06-20 20:36:48,011:INFO:            pmdarima: 2.0.4
2026-06-20 20:36:48,011:INFO:              psutil: 7.2.2
2026-06-20 20:36:48,011:INFO:          markupsafe: 3.0.3
2026-06-20 20:36:48,011:INFO:             pickle5: Not installed
2026-06-20 20:36:48,011:INFO:         cloudpickle: 3.1.2
2026-06-20 20:36:48,011:INFO:         deprecation: 2.1.0
2026-06-20 20:36:48,011:INFO:              xxhash: 3.7.0
2026-06-20 20:36:48,011:INFO:           wurlitzer: 3.1.1
2026-06-20 20:36:48,011:INFO:PyCaret optional dependencies:
2026-06-20 20:36:48,979:INFO:                shap: 0.44.1
2026-06-20 20:36:48,979:INFO:           interpret: Not installed
2026-06-20 20:36:48,979:INFO:                umap: Not installed
2026-06-20 20:36:48,979:INFO:     ydata_profiling: Not installed
2026-06-20 20:36:48,979:INFO:  explainerdashboard: Not installed
2026-06-20 20:36:48,979:INFO:             autoviz: Not installed
2026-06-20 20:36:48,979:INFO:           fairlearn: Not installed
2026-06-20 20:36:48,979:INFO:          deepchecks: Not installed
2026-06-20 20:36:48,979:INFO:             xgboost: Not installed
2026-06-20 20:36:48,979:INFO:            catboost: Not installed
2026-06-20 20:36:48,979:INFO:              kmodes: Not installed
2026-06-20 20:36:48,979:INFO:             mlxtend: Not installed
2026-06-20 20:36:48,979:INFO:       statsforecast: Not installed
2026-06-20 20:36:48,979:INFO:        tune_sklearn: Not installed
2026-06-20 20:36:48,979:INFO:                 ray: Not installed
2026-06-20 20:36:48,979:INFO:            hyperopt: Not installed
2026-06-20 20:36:48,979:INFO:              optuna: Not installed
2026-06-20 20:36:48,979:INFO:               skopt: Not installed
2026-06-20 20:36:48,979:INFO:              mlflow: Not installed
2026-06-20 20:36:48,979:INFO:              gradio: 6.18.0
2026-06-20 20:36:48,979:INFO:             fastapi: 0.136.3
2026-06-20 20:36:48,979:INFO:             uvicorn: 0.49.0
2026-06-20 20:36:48,979:INFO:              m2cgen: Not installed
2026-06-20 20:36:48,979:INFO:           evidently: Not installed
2026-06-20 20:36:48,979:INFO:               fugue: Not installed
2026-06-20 20:36:48,980:INFO:           streamlit: Not installed
2026-06-20 20:36:48,980:INFO:             prophet: Not installed
2026-06-20 20:36:48,980:INFO:None
2026-06-20 20:36:48,980:INFO:Set up data.
2026-06-20 20:36:48,982:INFO:Set up folding strategy.
2026-06-20 20:36:48,982:INFO:Set up train/test split.
2026-06-20 20:36:48,983:INFO:Set up index.
2026-06-20 20:36:48,983:INFO:Assigning column types.
2026-06-20 20:36:48,984:INFO:Engine successfully changes for model 'lr' to 'sklearn'.
2026-06-20 20:36:48,984:INFO:Engine for model 'lasso' has not been set explicitly, hence returning None.
2026-06-20 20:36:48,985:INFO:Engine for model 'ridge' has not been set explicitly, hence returning None.
2026-06-20 20:36:48,987:INFO:Engine for model 'en' has not been set explicitly, hence returning None.
2026-06-20 20:36:49,003:INFO:Engine for model 'svm' has not been set explicitly, hence returning None.
2026-06-20 20:36:49,015:INFO:Engine for model 'knn' has not been set explicitly, hence returning None.
2026-06-20 20:36:49,015:WARNING:
'xgboost' is a soft dependency and not included in the pycaret installation. Please run: `pip install xgboost` to install.
Alternately, you can install this by running `pip install pycaret[models]`
2026-06-20 20:36:49,015:WARNING:
'catboost' is a soft dependency and not included in the pycaret installation. Please run: `pip install catboost` to install.
Alternately, you can install this by running `pip install pycaret[models]`
2026-06-20 20:36:49,015:INFO:Engine for model 'lasso' has not been set explicitly, hence returning None.
2026-06-20 20:36:49,016:INFO:Engine for model 'ridge' has not been set explicitly, hence returning None.
2026-06-20 20:36:49,017:INFO:Engine for model 'en' has not been set explicitly, hence returning None.
2026-06-20 20:36:49,033:INFO:Engine for model 'svm' has not been set explicitly, hence returning None.
2026-06-20 20:36:49,045:INFO:Engine for model 'knn' has not been set explicitly, hence returning None.
2026-06-20 20:36:49,046:WARNING:
'xgboost' is a soft dependency and not included in the pycaret installation. Please run: `pip install xgboost` to install.
Alternately, you can install this by running `pip install pycaret[models]`
2026-06-20 20:36:49,046:WARNING:
'catboost' is a soft dependency and not included in the pycaret installation. Please run: `pip install catboost` to install.
Alternately, you can install this by running `pip install pycaret[models]`
2026-06-20 20:36:49,046:INFO:Engine successfully changes for model 'lasso' to 'sklearn'.
2026-06-20 20:36:49,047:INFO:Engine for model 'ridge' has not been set explicitly, hence returning None.
2026-06-20 20:36:49,048:INFO:Engine for model 'en' has not been set explicitly, hence returning None.
2026-06-20 20:36:49,064:INFO:Engine for model 'svm' has not been set explicitly, hence returning None.
2026-06-20 20:36:49,076:INFO:Engine for model 'knn' has not been set explicitly, hence returning None.
2026-06-20 20:36:49,076:WARNING:
'xgboost' is a soft dependency and not included in the pycaret installation. Please run: `pip install xgboost` to install.
Alternately, you can install this by running `pip install pycaret[models]`
2026-06-20 20:36:49,076:WARNING:
'catboost' is a soft dependency and not included in the pycaret installation. Please run: `pip install catboost` to install.
Alternately, you can install this by running `pip install pycaret[models]`
2026-06-20 20:36:49,077:INFO:Engine for model 'ridge' has not been set explicitly, hence returning None.
2026-06-20 20:36:49,079:INFO:Engine for model 'en' has not been set explicitly, hence returning None.
2026-06-20 20:36:49,094:INFO:Engine for model 'svm' has not been set explicitly, hence returning None.
2026-06-20 20:36:49,106:INFO:Engine for model 'knn' has not been set explicitly, hence returning None.
2026-06-20 20:36:49,107:WARNING:
'xgboost' is a soft dependency and not included in the pycaret installation. Please run: `pip install xgboost` to install.
Alternately, you can install this by running `pip install pycaret[models]`
2026-06-20 20:36:49,107:WARNING:
'catboost' is a soft dependency and not included in the pycaret installation. Please run: `pip install catboost` to install.
Alternately, you can install this by running `pip install pycaret[models]`
2026-06-20 20:36:49,107:INFO:Engine successfully changes for model 'ridge' to 'sklearn'.
2026-06-20 20:36:49,109:INFO:Engine for model 'en' has not been set explicitly, hence returning None.
2026-06-20 20:36:49,124:INFO:Engine for model 'svm' has not been set explicitly, hence returning None.
2026-06-20 20:36:49,136:INFO:Engine for model 'knn' has not been set explicitly, hence returning None.
2026-06-20 20:36:49,136:WARNING:
'xgboost' is a soft dependency and not included in the pycaret installation. Please run: `pip install xgboost` to install.
Alternately, you can install this by running `pip install pycaret[models]`
2026-06-20 20:36:49,136:WARNING:
'catboost' is a soft dependency and not included in the pycaret installation. Please run: `pip install catboost` to install.
Alternately, you can install this by running `pip install pycaret[models]`
2026-06-20 20:36:49,139:INFO:Engine for model 'en' has not been set explicitly, hence returning None.
2026-06-20 20:36:49,154:INFO:Engine for model 'svm' has not been set explicitly, hence returning None.
2026-06-20 20:36:49,167:INFO:Engine for model 'knn' has not been set explicitly, hence returning None.
2026-06-20 20:36:49,167:WARNING:
'xgboost' is a soft dependency and not included in the pycaret installation. Please run: `pip install xgboost` to install.
Alternately, you can install this by running `pip install pycaret[models]`
2026-06-20 20:36:49,167:WARNING:
'catboost' is a soft dependency and not included in the pycaret installation. Please run: `pip install catboost` to install.
Alternately, you can install this by running `pip install pycaret[models]`
2026-06-20 20:36:49,167:INFO:Engine successfully changes for model 'en' to 'sklearn'.
2026-06-20 20:36:49,185:INFO:Engine for model 'svm' has not been set explicitly, hence returning None.
2026-06-20 20:36:49,198:INFO:Engine for model 'knn' has not been set explicitly, hence returning None.
2026-06-20 20:36:49,198:WARNING:
'xgboost' is a soft dependency and not included in the pycaret installation. Please run: `pip install xgboost` to install.
Alternately, you can install this by running `pip install pycaret[models]`
2026-06-20 20:36:49,198:WARNING:
'catboost' is a soft dependency and not included in the pycaret installation. Please run: `pip install catboost` to install.
Alternately, you can install this by running `pip install pycaret[models]`
2026-06-20 20:36:49,216:INFO:Engine for model 'svm' has not been set explicitly, hence returning None.
2026-06-20 20:36:49,229:INFO:Engine for model 'knn' has not been set explicitly, hence returning None.
2026-06-20 20:36:49,229:WARNING:
'xgboost' is a soft dependency and not included in the pycaret installation. Please run: `pip install xgboost` to install.
Alternately, you can install this by running `pip install pycaret[models]`
2026-06-20 20:36:49,229:WARNING:
'catboost' is a soft dependency and not included in the pycaret installation. Please run: `pip install catboost` to install.
Alternately, you can install this by running `pip install pycaret[models]`
2026-06-20 20:36:49,229:INFO:Engine successfully changes for model 'knn' to 'sklearn'.
2026-06-20 20:36:49,248:INFO:Engine for model 'svm' has not been set explicitly, hence returning None.
2026-06-20 20:36:49,260:WARNING:
'xgboost' is a soft dependency and not included in the pycaret installation. Please run: `pip install xgboost` to install.
Alternately, you can install this by running `pip install pycaret[models]`
2026-06-20 20:36:49,260:WARNING:
'catboost' is a soft dependency and not included in the pycaret installation. Please run: `pip install catboost` to install.
Alternately, you can install this by running `pip install pycaret[models]`
2026-06-20 20:36:49,278:INFO:Engine for model 'svm' has not been set explicitly, hence returning None.
2026-06-20 20:36:49,291:WARNING:
'xgboost' is a soft dependency and not included in the pycaret installation. Please run: `pip install xgboost` to install.
Alternately, you can install this by running `pip install pycaret[models]`
2026-06-20 20:36:49,291:WARNING:
'catboost' is a soft dependency and not included in the pycaret installation. Please run: `pip install catboost` to install.
Alternately, you can install this by running `pip install pycaret[models]`
2026-06-20 20:36:49,291:INFO:Engine successfully changes for model 'svm' to 'sklearn'.
2026-06-20 20:36:49,321:WARNING:
'xgboost' is a soft dependency and not included in the pycaret installation. Please run: `pip install xgboost` to install.
Alternately, you can install this by running `pip install pycaret[models]`
2026-06-20 20:36:49,321:WARNING:
'catboost' is a soft dependency and not included in the pycaret installation. Please run: `pip install catboost` to install.
Alternately, you can install this by running `pip install pycaret[models]`
2026-06-20 20:36:49,352:WARNING:
'xgboost' is a soft dependency and not included in the pycaret installation. Please run: `pip install xgboost` to install.
Alternately, you can install this by running `pip install pycaret[models]`
2026-06-20 20:36:49,352:WARNING:
'catboost' is a soft dependency and not included in the pycaret installation. Please run: `pip install catboost` to install.
Alternately, you can install this by running `pip install pycaret[models]`
2026-06-20 20:36:49,354:INFO:Preparing preprocessing pipeline...
2026-06-20 20:36:49,354:INFO:Set up simple imputation.
2026-06-20 20:36:49,359:INFO:Finished creating preprocessing pipeline.
2026-06-20 20:36:49,360:INFO:Pipeline: Pipeline(memory=FastMemory(location=/var/folders/px/v7_qzrl907d919ql0sn3f74r0000gn/T/joblib),
         steps=[('numerical_imputer',
                 TransformerWrapper(include=['cement', 'blast_furnace_slag',
                                             'fly_ash', 'water',
                                             'superplasticizer',
                                             'coarse_aggregate',
                                             'fine_aggregate', 'age'],
                                    transformer=SimpleImputer())),
                ('categorical_imputer',
                 TransformerWrapper(include=[],
                                    transformer=SimpleImputer(strategy='most_frequent')))])
2026-06-20 20:36:49,360:INFO:Creating final display dataframe.
2026-06-20 20:36:49,374:INFO:Setup _display_container:                     Description                          Value
0                    Session id                            123
1                        Target  concrete_compressive_strength
2                   Target type                     Regression
3           Original data shape                      (1030, 9)
4        Transformed data shape                      (1030, 9)
5   Transformed train set shape                       (721, 9)
6    Transformed test set shape                       (309, 9)
7              Numeric features                              8
8                    Preprocess                           True
9               Imputation type                         simple
10           Numeric imputation                           mean
11       Categorical imputation                           mode
12               Fold Generator                          KFold
13                  Fold Number                             10
14                     CPU Jobs                             -1
15                      Use GPU                          False
16               Log Experiment                          False
17              Experiment Name               reg-default-name
18                          USI                           7249
2026-06-20 20:36:49,409:WARNING:
'xgboost' is a soft dependency and not included in the pycaret installation. Please run: `pip install xgboost` to install.
Alternately, you can install this by running `pip install pycaret[models]`
2026-06-20 20:36:49,409:WARNING:
'catboost' is a soft dependency and not included in the pycaret installation. Please run: `pip install catboost` to install.
Alternately, you can install this by running `pip install pycaret[models]`
2026-06-20 20:36:49,440:WARNING:
'xgboost' is a soft dependency and not included in the pycaret installation. Please run: `pip install xgboost` to install.
Alternately, you can install this by running `pip install pycaret[models]`
2026-06-20 20:36:49,440:WARNING:
'catboost' is a soft dependency and not included in the pycaret installation. Please run: `pip install catboost` to install.
Alternately, you can install this by running `pip install pycaret[models]`
2026-06-20 20:36:49,440:INFO:setup() successfully completed in 1.45s...............
2026-06-20 20:36:55,602:INFO:Initializing compare_models()
2026-06-20 20:36:55,602:INFO:compare_models(self=<pycaret.regression.oop.RegressionExperiment object at 0x17eb309d0>, include=None, exclude=None, fold=None, round=4, cross_validation=True, sort=R2, n_select=1, budget_time=None, turbo=True, errors=ignore, fit_kwargs=None, groups=None, experiment_custom_tags=None, probability_threshold=None, verbose=True, parallel=None, caller_params={'self': <pycaret.regression.oop.RegressionExperiment object at 0x17eb309d0>, 'include': None, 'exclude': None, 'fold': None, 'round': 4, 'cross_validation': True, 'sort': 'R2', 'n_select': 1, 'budget_time': None, 'turbo': True, 'errors': 'ignore', 'fit_kwargs': None, 'groups': None, 'experiment_custom_tags': None, 'engine': None, 'verbose': True, 'parallel': None, '__class__': <class 'pycaret.regression.oop.RegressionExperiment'>})
2026-06-20 20:36:55,602:INFO:Checking exceptions
2026-06-20 20:36:55,604:INFO:Preparing display monitor
2026-06-20 20:36:55,636:INFO:Initializing Linear Regression
2026-06-20 20:36:55,637:INFO:Total runtime is 6.433327992757162e-06 minutes
2026-06-20 20:36:55,641:INFO:SubProcess create_model() called ==================================
2026-06-20 20:36:55,642:INFO:Initializing create_model()
2026-06-20 20:36:55,642:INFO:create_model(self=<pycaret.regression.oop.RegressionExperiment object at 0x17eb309d0>, estimator=lr, fold=KFold(n_splits=10, random_state=None, shuffle=False), round=4, cross_validation=True, predict=True, fit_kwargs={}, groups=None, refit=False, probability_threshold=None, experiment_custom_tags=None, verbose=False, system=False, add_to_model_list=True, metrics=None, display=<pycaret.internal.display.display.CommonDisplay object at 0x30cbe29d0>, model_only=True, return_train_score=False, error_score=0.0, kwargs={})
2026-06-20 20:36:55,642:INFO:Checking exceptions
2026-06-20 20:36:55,642:INFO:Importing libraries
2026-06-20 20:36:55,642:INFO:Copying training dataset
2026-06-20 20:36:55,661:INFO:Defining folds
2026-06-20 20:36:55,661:INFO:Declaring metric variables
2026-06-20 20:36:55,669:INFO:Importing untrained model
2026-06-20 20:36:55,673:INFO:Linear Regression Imported successfully
2026-06-20 20:36:55,675:INFO:Starting cross validation
2026-06-20 20:36:55,681:INFO:Cross validating with KFold(n_splits=10, random_state=None, shuffle=False), n_jobs=-1
2026-06-20 20:36:57,931:WARNING:/Users/junhwi/anaconda3/envs/Sampyo/lib/python3.11/site-packages/_distutils_hack/__init__.py:30: UserWarning: Setuptools is replacing distutils. Support for replacing an already imported distutils is deprecated. In the future, this condition will fail. Register concerns at https://github.com/pypa/setuptools/issues/new?template=distutils-deprecation.yml
  warnings.warn(

2026-06-20 20:36:58,075:WARNING:/Users/junhwi/anaconda3/envs/Sampyo/lib/python3.11/site-packages/_distutils_hack/__init__.py:30: UserWarning: Setuptools is replacing distutils. Support for replacing an already imported distutils is deprecated. In the future, this condition will fail. Register concerns at https://github.com/pypa/setuptools/issues/new?template=distutils-deprecation.yml
  warnings.warn(

2026-06-20 20:36:58,215:WARNING:/Users/junhwi/anaconda3/envs/Sampyo/lib/python3.11/site-packages/_distutils_hack/__init__.py:30: UserWarning: Setuptools is replacing distutils. Support for replacing an already imported distutils is deprecated. In the future, this condition will fail. Register concerns at https://github.com/pypa/setuptools/issues/new?template=distutils-deprecation.yml
  warnings.warn(

2026-06-20 20:36:58,245:WARNING:/Users/junhwi/anaconda3/envs/Sampyo/lib/python3.11/site-packages/_distutils_hack/__init__.py:30: UserWarning: Setuptools is replacing distutils. Support for replacing an already imported distutils is deprecated. In the future, this condition will fail. Register concerns at https://github.com/pypa/setuptools/issues/new?template=distutils-deprecation.yml
  warnings.warn(

2026-06-20 20:36:58,256:WARNING:/Users/junhwi/anaconda3/envs/Sampyo/lib/python3.11/site-packages/_distutils_hack/__init__.py:30: UserWarning: Setuptools is replacing distutils. Support for replacing an already imported distutils is deprecated. In the future, this condition will fail. Register concerns at https://github.com/pypa/setuptools/issues/new?template=distutils-deprecation.yml
  warnings.warn(

2026-06-20 20:36:58,258:WARNING:/Users/junhwi/anaconda3/envs/Sampyo/lib/python3.11/site-packages/_distutils_hack/__init__.py:30: UserWarning: Setuptools is replacing distutils. Support for replacing an already imported distutils is deprecated. In the future, this condition will fail. Register concerns at https://github.com/pypa/setuptools/issues/new?template=distutils-deprecation.yml
  warnings.warn(

2026-06-20 20:36:58,264:WARNING:/Users/junhwi/anaconda3/envs/Sampyo/lib/python3.11/site-packages/_distutils_hack/__init__.py:30: UserWarning: Setuptools is replacing distutils. Support for replacing an already imported distutils is deprecated. In the future, this condition will fail. Register concerns at https://github.com/pypa/setuptools/issues/new?template=distutils-deprecation.yml
  warnings.warn(

2026-06-20 20:36:58,266:WARNING:/Users/junhwi/anaconda3/envs/Sampyo/lib/python3.11/site-packages/_distutils_hack/__init__.py:30: UserWarning: Setuptools is replacing distutils. Support for replacing an already imported distutils is deprecated. In the future, this condition will fail. Register concerns at https://github.com/pypa/setuptools/issues/new?template=distutils-deprecation.yml
  warnings.warn(

2026-06-20 20:36:58,298:WARNING:/Users/junhwi/anaconda3/envs/Sampyo/lib/python3.11/site-packages/_distutils_hack/__init__.py:30: UserWarning: Setuptools is replacing distutils. Support for replacing an already imported distutils is deprecated. In the future, this condition will fail. Register concerns at https://github.com/pypa/setuptools/issues/new?template=distutils-deprecation.yml
  warnings.warn(

2026-06-20 20:36:58,315:WARNING:/Users/junhwi/anaconda3/envs/Sampyo/lib/python3.11/site-packages/_distutils_hack/__init__.py:30: UserWarning: Setuptools is replacing distutils. Support for replacing an already imported distutils is deprecated. In the future, this condition will fail. Register concerns at https://github.com/pypa/setuptools/issues/new?template=distutils-deprecation.yml
  warnings.warn(

2026-06-20 20:36:58,386:INFO:Calculating mean and std
2026-06-20 20:36:58,387:INFO:Creating metrics dataframe
2026-06-20 20:36:58,389:INFO:Uploading results into container
2026-06-20 20:36:58,389:INFO:Uploading model into container now
2026-06-20 20:36:58,390:INFO:_master_model_container: 1
2026-06-20 20:36:58,391:INFO:_display_container: 2
2026-06-20 20:36:58,391:INFO:LinearRegression(n_jobs=-1)
2026-06-20 20:36:58,391:INFO:create_model() successfully completed......................................
2026-06-20 20:36:58,458:INFO:SubProcess create_model() end ==================================
2026-06-20 20:36:58,458:INFO:Creating metrics dataframe
2026-06-20 20:36:58,460:INFO:Initializing Lasso Regression
2026-06-20 20:36:58,460:INFO:Total runtime is 0.047068401177724206 minutes
2026-06-20 20:36:58,461:INFO:SubProcess create_model() called ==================================
2026-06-20 20:36:58,462:INFO:Initializing create_model()
2026-06-20 20:36:58,462:INFO:create_model(self=<pycaret.regression.oop.RegressionExperiment object at 0x17eb309d0>, estimator=lasso, fold=KFold(n_splits=10, random_state=None, shuffle=False), round=4, cross_validation=True, predict=True, fit_kwargs={}, groups=None, refit=False, probability_threshold=None, experiment_custom_tags=None, verbose=False, system=False, add_to_model_list=True, metrics=None, display=<pycaret.internal.display.display.CommonDisplay object at 0x30cbe29d0>, model_only=True, return_train_score=False, error_score=0.0, kwargs={})
2026-06-20 20:36:58,462:INFO:Checking exceptions
2026-06-20 20:36:58,462:INFO:Importing libraries
2026-06-20 20:36:58,462:INFO:Copying training dataset
2026-06-20 20:36:58,463:INFO:Defining folds
2026-06-20 20:36:58,463:INFO:Declaring metric variables
2026-06-20 20:36:58,464:INFO:Importing untrained model
2026-06-20 20:36:58,465:INFO:Lasso Regression Imported successfully
2026-06-20 20:36:58,466:INFO:Starting cross validation
2026-06-20 20:36:58,467:INFO:Cross validating with KFold(n_splits=10, random_state=None, shuffle=False), n_jobs=-1
2026-06-20 20:36:58,493:INFO:Calculating mean and std
2026-06-20 20:36:58,494:INFO:Creating metrics dataframe
2026-06-20 20:36:58,494:INFO:Uploading results into container
2026-06-20 20:36:58,495:INFO:Uploading model into container now
2026-06-20 20:36:58,495:INFO:_master_model_container: 2
2026-06-20 20:36:58,495:INFO:_display_container: 2
2026-06-20 20:36:58,495:INFO:Lasso(random_state=123)
2026-06-20 20:36:58,495:INFO:create_model() successfully completed......................................
2026-06-20 20:36:58,537:INFO:SubProcess create_model() end ==================================
2026-06-20 20:36:58,538:INFO:Creating metrics dataframe
2026-06-20 20:36:58,540:INFO:Initializing Ridge Regression
2026-06-20 20:36:58,540:INFO:Total runtime is 0.04839485088984172 minutes
2026-06-20 20:36:58,541:INFO:SubProcess create_model() called ==================================
2026-06-20 20:36:58,541:INFO:Initializing create_model()
2026-06-20 20:36:58,541:INFO:create_model(self=<pycaret.regression.oop.RegressionExperiment object at 0x17eb309d0>, estimator=ridge, fold=KFold(n_splits=10, random_state=None, shuffle=False), round=4, cross_validation=True, predict=True, fit_kwargs={}, groups=None, refit=False, probability_threshold=None, experiment_custom_tags=None, verbose=False, system=False, add_to_model_list=True, metrics=None, display=<pycaret.internal.display.display.CommonDisplay object at 0x30cbe29d0>, model_only=True, return_train_score=False, error_score=0.0, kwargs={})
2026-06-20 20:36:58,541:INFO:Checking exceptions
2026-06-20 20:36:58,541:INFO:Importing libraries
2026-06-20 20:36:58,541:INFO:Copying training dataset
2026-06-20 20:36:58,543:INFO:Defining folds
2026-06-20 20:36:58,543:INFO:Declaring metric variables
2026-06-20 20:36:58,544:INFO:Importing untrained model
2026-06-20 20:36:58,545:INFO:Ridge Regression Imported successfully
2026-06-20 20:36:58,546:INFO:Starting cross validation
2026-06-20 20:36:58,547:INFO:Cross validating with KFold(n_splits=10, random_state=None, shuffle=False), n_jobs=-1
2026-06-20 20:36:58,575:INFO:Calculating mean and std
2026-06-20 20:36:58,575:INFO:Creating metrics dataframe
2026-06-20 20:36:58,575:INFO:Uploading results into container
2026-06-20 20:36:58,576:INFO:Uploading model into container now
2026-06-20 20:36:58,576:INFO:_master_model_container: 3
2026-06-20 20:36:58,576:INFO:_display_container: 2
2026-06-20 20:36:58,576:INFO:Ridge(random_state=123)
2026-06-20 20:36:58,576:INFO:create_model() successfully completed......................................
2026-06-20 20:36:58,619:INFO:SubProcess create_model() end ==================================
2026-06-20 20:36:58,619:INFO:Creating metrics dataframe
2026-06-20 20:36:58,621:INFO:Initializing Elastic Net
2026-06-20 20:36:58,621:INFO:Total runtime is 0.049742786089579265 minutes
2026-06-20 20:36:58,622:INFO:SubProcess create_model() called ==================================
2026-06-20 20:36:58,622:INFO:Initializing create_model()
2026-06-20 20:36:58,622:INFO:create_model(self=<pycaret.regression.oop.RegressionExperiment object at 0x17eb309d0>, estimator=en, fold=KFold(n_splits=10, random_state=None, shuffle=False), round=4, cross_validation=True, predict=True, fit_kwargs={}, groups=None, refit=False, probability_threshold=None, experiment_custom_tags=None, verbose=False, system=False, add_to_model_list=True, metrics=None, display=<pycaret.internal.display.display.CommonDisplay object at 0x30cbe29d0>, model_only=True, return_train_score=False, error_score=0.0, kwargs={})
2026-06-20 20:36:58,622:INFO:Checking exceptions
2026-06-20 20:36:58,622:INFO:Importing libraries
2026-06-20 20:36:58,622:INFO:Copying training dataset
2026-06-20 20:36:58,624:INFO:Defining folds
2026-06-20 20:36:58,624:INFO:Declaring metric variables
2026-06-20 20:36:58,625:INFO:Importing untrained model
2026-06-20 20:36:58,626:INFO:Elastic Net Imported successfully
2026-06-20 20:36:58,628:INFO:Starting cross validation
2026-06-20 20:36:58,628:INFO:Cross validating with KFold(n_splits=10, random_state=None, shuffle=False), n_jobs=-1
2026-06-20 20:36:58,654:INFO:Calculating mean and std
2026-06-20 20:36:58,655:INFO:Creating metrics dataframe
2026-06-20 20:36:58,655:INFO:Uploading results into container
2026-06-20 20:36:58,655:INFO:Uploading model into container now
2026-06-20 20:36:58,655:INFO:_master_model_container: 4
2026-06-20 20:36:58,655:INFO:_display_container: 2
2026-06-20 20:36:58,655:INFO:ElasticNet(random_state=123)
2026-06-20 20:36:58,655:INFO:create_model() successfully completed......................................
2026-06-20 20:36:58,699:INFO:SubProcess create_model() end ==================================
2026-06-20 20:36:58,699:INFO:Creating metrics dataframe
2026-06-20 20:36:58,701:INFO:Initializing Least Angle Regression
2026-06-20 20:36:58,701:INFO:Total runtime is 0.05107985337575277 minutes
2026-06-20 20:36:58,702:INFO:SubProcess create_model() called ==================================
2026-06-20 20:36:58,702:INFO:Initializing create_model()
2026-06-20 20:36:58,702:INFO:create_model(self=<pycaret.regression.oop.RegressionExperiment object at 0x17eb309d0>, estimator=lar, fold=KFold(n_splits=10, random_state=None, shuffle=False), round=4, cross_validation=True, predict=True, fit_kwargs={}, groups=None, refit=False, probability_threshold=None, experiment_custom_tags=None, verbose=False, system=False, add_to_model_list=True, metrics=None, display=<pycaret.internal.display.display.CommonDisplay object at 0x30cbe29d0>, model_only=True, return_train_score=False, error_score=0.0, kwargs={})
2026-06-20 20:36:58,702:INFO:Checking exceptions
2026-06-20 20:36:58,702:INFO:Importing libraries
2026-06-20 20:36:58,702:INFO:Copying training dataset
2026-06-20 20:36:58,704:INFO:Defining folds
2026-06-20 20:36:58,704:INFO:Declaring metric variables
2026-06-20 20:36:58,704:INFO:Importing untrained model
2026-06-20 20:36:58,705:INFO:Least Angle Regression Imported successfully
2026-06-20 20:36:58,707:INFO:Starting cross validation
2026-06-20 20:36:58,707:INFO:Cross validating with KFold(n_splits=10, random_state=None, shuffle=False), n_jobs=-1
2026-06-20 20:36:58,734:INFO:Calculating mean and std
2026-06-20 20:36:58,734:INFO:Creating metrics dataframe
2026-06-20 20:36:58,735:INFO:Uploading results into container
2026-06-20 20:36:58,735:INFO:Uploading model into container now
2026-06-20 20:36:58,735:INFO:_master_model_container: 5
2026-06-20 20:36:58,735:INFO:_display_container: 2
2026-06-20 20:36:58,735:INFO:Lars(random_state=123)
2026-06-20 20:36:58,735:INFO:create_model() successfully completed......................................
2026-06-20 20:36:58,776:INFO:SubProcess create_model() end ==================================
2026-06-20 20:36:58,776:INFO:Creating metrics dataframe
2026-06-20 20:36:58,779:INFO:Initializing Lasso Least Angle Regression
2026-06-20 20:36:58,779:INFO:Total runtime is 0.05237808624903361 minutes
2026-06-20 20:36:58,780:INFO:SubProcess create_model() called ==================================
2026-06-20 20:36:58,780:INFO:Initializing create_model()
2026-06-20 20:36:58,780:INFO:create_model(self=<pycaret.regression.oop.RegressionExperiment object at 0x17eb309d0>, estimator=llar, fold=KFold(n_splits=10, random_state=None, shuffle=False), round=4, cross_validation=True, predict=True, fit_kwargs={}, groups=None, refit=False, probability_threshold=None, experiment_custom_tags=None, verbose=False, system=False, add_to_model_list=True, metrics=None, display=<pycaret.internal.display.display.CommonDisplay object at 0x30cbe29d0>, model_only=True, return_train_score=False, error_score=0.0, kwargs={})
2026-06-20 20:36:58,780:INFO:Checking exceptions
2026-06-20 20:36:58,780:INFO:Importing libraries
2026-06-20 20:36:58,780:INFO:Copying training dataset
2026-06-20 20:36:58,781:INFO:Defining folds
2026-06-20 20:36:58,781:INFO:Declaring metric variables
2026-06-20 20:36:58,782:INFO:Importing untrained model
2026-06-20 20:36:58,783:INFO:Lasso Least Angle Regression Imported successfully
2026-06-20 20:36:58,784:INFO:Starting cross validation
2026-06-20 20:36:58,785:INFO:Cross validating with KFold(n_splits=10, random_state=None, shuffle=False), n_jobs=-1
2026-06-20 20:36:58,812:INFO:Calculating mean and std
2026-06-20 20:36:58,813:INFO:Creating metrics dataframe
2026-06-20 20:36:58,813:INFO:Uploading results into container
2026-06-20 20:36:58,813:INFO:Uploading model into container now
2026-06-20 20:36:58,813:INFO:_master_model_container: 6
2026-06-20 20:36:58,813:INFO:_display_container: 2
2026-06-20 20:36:58,814:INFO:LassoLars(random_state=123)
2026-06-20 20:36:58,814:INFO:create_model() successfully completed......................................
2026-06-20 20:36:58,854:INFO:SubProcess create_model() end ==================================
2026-06-20 20:36:58,854:INFO:Creating metrics dataframe
2026-06-20 20:36:58,857:INFO:Initializing Orthogonal Matching Pursuit
2026-06-20 20:36:58,857:INFO:Total runtime is 0.05367304881413778 minutes
2026-06-20 20:36:58,858:INFO:SubProcess create_model() called ==================================
2026-06-20 20:36:58,858:INFO:Initializing create_model()
2026-06-20 20:36:58,858:INFO:create_model(self=<pycaret.regression.oop.RegressionExperiment object at 0x17eb309d0>, estimator=omp, fold=KFold(n_splits=10, random_state=None, shuffle=False), round=4, cross_validation=True, predict=True, fit_kwargs={}, groups=None, refit=False, probability_threshold=None, experiment_custom_tags=None, verbose=False, system=False, add_to_model_list=True, metrics=None, display=<pycaret.internal.display.display.CommonDisplay object at 0x30cbe29d0>, model_only=True, return_train_score=False, error_score=0.0, kwargs={})
2026-06-20 20:36:58,858:INFO:Checking exceptions
2026-06-20 20:36:58,858:INFO:Importing libraries
2026-06-20 20:36:58,858:INFO:Copying training dataset
2026-06-20 20:36:58,860:INFO:Defining folds
2026-06-20 20:36:58,860:INFO:Declaring metric variables
2026-06-20 20:36:58,860:INFO:Importing untrained model
2026-06-20 20:36:58,862:INFO:Orthogonal Matching Pursuit Imported successfully
2026-06-20 20:36:58,863:INFO:Starting cross validation
2026-06-20 20:36:58,864:INFO:Cross validating with KFold(n_splits=10, random_state=None, shuffle=False), n_jobs=-1
2026-06-20 20:36:58,890:INFO:Calculating mean and std
2026-06-20 20:36:58,891:INFO:Creating metrics dataframe
2026-06-20 20:36:58,891:INFO:Uploading results into container
2026-06-20 20:36:58,891:INFO:Uploading model into container now
2026-06-20 20:36:58,891:INFO:_master_model_container: 7
2026-06-20 20:36:58,891:INFO:_display_container: 2
2026-06-20 20:36:58,891:INFO:OrthogonalMatchingPursuit()
2026-06-20 20:36:58,891:INFO:create_model() successfully completed......................................
2026-06-20 20:36:58,934:INFO:SubProcess create_model() end ==================================
2026-06-20 20:36:58,934:INFO:Creating metrics dataframe
2026-06-20 20:36:58,937:INFO:Initializing Bayesian Ridge
2026-06-20 20:36:58,937:INFO:Total runtime is 0.05500580469767253 minutes
2026-06-20 20:36:58,938:INFO:SubProcess create_model() called ==================================
2026-06-20 20:36:58,938:INFO:Initializing create_model()
2026-06-20 20:36:58,938:INFO:create_model(self=<pycaret.regression.oop.RegressionExperiment object at 0x17eb309d0>, estimator=br, fold=KFold(n_splits=10, random_state=None, shuffle=False), round=4, cross_validation=True, predict=True, fit_kwargs={}, groups=None, refit=False, probability_threshold=None, experiment_custom_tags=None, verbose=False, system=False, add_to_model_list=True, metrics=None, display=<pycaret.internal.display.display.CommonDisplay object at 0x30cbe29d0>, model_only=True, return_train_score=False, error_score=0.0, kwargs={})
2026-06-20 20:36:58,938:INFO:Checking exceptions
2026-06-20 20:36:58,938:INFO:Importing libraries
2026-06-20 20:36:58,938:INFO:Copying training dataset
2026-06-20 20:36:58,939:INFO:Defining folds
2026-06-20 20:36:58,939:INFO:Declaring metric variables
2026-06-20 20:36:58,940:INFO:Importing untrained model
2026-06-20 20:36:58,941:INFO:Bayesian Ridge Imported successfully
2026-06-20 20:36:58,942:INFO:Starting cross validation
2026-06-20 20:36:58,943:INFO:Cross validating with KFold(n_splits=10, random_state=None, shuffle=False), n_jobs=-1
2026-06-20 20:36:58,969:INFO:Calculating mean and std
2026-06-20 20:36:58,969:INFO:Creating metrics dataframe
2026-06-20 20:36:58,970:INFO:Uploading results into container
2026-06-20 20:36:58,970:INFO:Uploading model into container now
2026-06-20 20:36:58,970:INFO:_master_model_container: 8
2026-06-20 20:36:58,970:INFO:_display_container: 2
2026-06-20 20:36:58,970:INFO:BayesianRidge()
2026-06-20 20:36:58,970:INFO:create_model() successfully completed......................................
2026-06-20 20:36:59,013:INFO:SubProcess create_model() end ==================================
2026-06-20 20:36:59,013:INFO:Creating metrics dataframe
2026-06-20 20:36:59,016:INFO:Initializing Passive Aggressive Regressor
2026-06-20 20:36:59,016:INFO:Total runtime is 0.056321370601654056 minutes
2026-06-20 20:36:59,016:INFO:SubProcess create_model() called ==================================
2026-06-20 20:36:59,017:INFO:Initializing create_model()
2026-06-20 20:36:59,017:INFO:create_model(self=<pycaret.regression.oop.RegressionExperiment object at 0x17eb309d0>, estimator=par, fold=KFold(n_splits=10, random_state=None, shuffle=False), round=4, cross_validation=True, predict=True, fit_kwargs={}, groups=None, refit=False, probability_threshold=None, experiment_custom_tags=None, verbose=False, system=False, add_to_model_list=True, metrics=None, display=<pycaret.internal.display.display.CommonDisplay object at 0x30cbe29d0>, model_only=True, return_train_score=False, error_score=0.0, kwargs={})
2026-06-20 20:36:59,017:INFO:Checking exceptions
2026-06-20 20:36:59,017:INFO:Importing libraries
2026-06-20 20:36:59,017:INFO:Copying training dataset
2026-06-20 20:36:59,018:INFO:Defining folds
2026-06-20 20:36:59,018:INFO:Declaring metric variables
2026-06-20 20:36:59,019:INFO:Importing untrained model
2026-06-20 20:36:59,020:INFO:Passive Aggressive Regressor Imported successfully
2026-06-20 20:36:59,021:INFO:Starting cross validation
2026-06-20 20:36:59,021:INFO:Cross validating with KFold(n_splits=10, random_state=None, shuffle=False), n_jobs=-1
2026-06-20 20:36:59,050:INFO:Calculating mean and std
2026-06-20 20:36:59,050:INFO:Creating metrics dataframe
2026-06-20 20:36:59,050:INFO:Uploading results into container
2026-06-20 20:36:59,050:INFO:Uploading model into container now
2026-06-20 20:36:59,050:INFO:_master_model_container: 9
2026-06-20 20:36:59,050:INFO:_display_container: 2
2026-06-20 20:36:59,050:INFO:PassiveAggressiveRegressor(random_state=123)
2026-06-20 20:36:59,050:INFO:create_model() successfully completed......................................
2026-06-20 20:36:59,092:INFO:SubProcess create_model() end ==================================
2026-06-20 20:36:59,092:INFO:Creating metrics dataframe
2026-06-20 20:36:59,094:INFO:Initializing Huber Regressor
2026-06-20 20:36:59,095:INFO:Total runtime is 0.057637035846710205 minutes
2026-06-20 20:36:59,096:INFO:SubProcess create_model() called ==================================
2026-06-20 20:36:59,096:INFO:Initializing create_model()
2026-06-20 20:36:59,096:INFO:create_model(self=<pycaret.regression.oop.RegressionExperiment object at 0x17eb309d0>, estimator=huber, fold=KFold(n_splits=10, random_state=None, shuffle=False), round=4, cross_validation=True, predict=True, fit_kwargs={}, groups=None, refit=False, probability_threshold=None, experiment_custom_tags=None, verbose=False, system=False, add_to_model_list=True, metrics=None, display=<pycaret.internal.display.display.CommonDisplay object at 0x30cbe29d0>, model_only=True, return_train_score=False, error_score=0.0, kwargs={})
2026-06-20 20:36:59,096:INFO:Checking exceptions
2026-06-20 20:36:59,096:INFO:Importing libraries
2026-06-20 20:36:59,096:INFO:Copying training dataset
2026-06-20 20:36:59,097:INFO:Defining folds
2026-06-20 20:36:59,097:INFO:Declaring metric variables
2026-06-20 20:36:59,099:INFO:Importing untrained model
2026-06-20 20:36:59,100:INFO:Huber Regressor Imported successfully
2026-06-20 20:36:59,101:INFO:Starting cross validation
2026-06-20 20:36:59,101:INFO:Cross validating with KFold(n_splits=10, random_state=None, shuffle=False), n_jobs=-1
2026-06-20 20:36:59,117:WARNING:/Users/junhwi/anaconda3/envs/Sampyo/lib/python3.11/site-packages/sklearn/linear_model/_huber.py:342: ConvergenceWarning: lbfgs failed to converge (status=1):
STOP: TOTAL NO. of ITERATIONS REACHED LIMIT.

Increase the number of iterations (max_iter) or scale the data as shown in:
    https://scikit-learn.org/stable/modules/preprocessing.html
  self.n_iter_ = _check_optimize_result("lbfgs", opt_res, self.max_iter)

2026-06-20 20:36:59,117:WARNING:/Users/junhwi/anaconda3/envs/Sampyo/lib/python3.11/site-packages/sklearn/linear_model/_huber.py:342: ConvergenceWarning: lbfgs failed to converge (status=1):
STOP: TOTAL NO. of ITERATIONS REACHED LIMIT.

Increase the number of iterations (max_iter) or scale the data as shown in:
    https://scikit-learn.org/stable/modules/preprocessing.html
  self.n_iter_ = _check_optimize_result("lbfgs", opt_res, self.max_iter)

2026-06-20 20:36:59,117:WARNING:/Users/junhwi/anaconda3/envs/Sampyo/lib/python3.11/site-packages/sklearn/linear_model/_huber.py:342: ConvergenceWarning: lbfgs failed to converge (status=1):
STOP: TOTAL NO. of ITERATIONS REACHED LIMIT.

Increase the number of iterations (max_iter) or scale the data as shown in:
    https://scikit-learn.org/stable/modules/preprocessing.html
  self.n_iter_ = _check_optimize_result("lbfgs", opt_res, self.max_iter)

2026-06-20 20:36:59,121:WARNING:/Users/junhwi/anaconda3/envs/Sampyo/lib/python3.11/site-packages/sklearn/linear_model/_huber.py:342: ConvergenceWarning: lbfgs failed to converge (status=1):
STOP: TOTAL NO. of ITERATIONS REACHED LIMIT.

Increase the number of iterations (max_iter) or scale the data as shown in:
    https://scikit-learn.org/stable/modules/preprocessing.html
  self.n_iter_ = _check_optimize_result("lbfgs", opt_res, self.max_iter)

2026-06-20 20:36:59,128:WARNING:/Users/junhwi/anaconda3/envs/Sampyo/lib/python3.11/site-packages/sklearn/linear_model/_huber.py:342: ConvergenceWarning: lbfgs failed to converge (status=1):
STOP: TOTAL NO. of ITERATIONS REACHED LIMIT.

Increase the number of iterations (max_iter) or scale the data as shown in:
    https://scikit-learn.org/stable/modules/preprocessing.html
  self.n_iter_ = _check_optimize_result("lbfgs", opt_res, self.max_iter)

2026-06-20 20:36:59,129:WARNING:/Users/junhwi/anaconda3/envs/Sampyo/lib/python3.11/site-packages/sklearn/linear_model/_huber.py:342: ConvergenceWarning: lbfgs failed to converge (status=1):
STOP: TOTAL NO. of ITERATIONS REACHED LIMIT.

Increase the number of iterations (max_iter) or scale the data as shown in:
    https://scikit-learn.org/stable/modules/preprocessing.html
  self.n_iter_ = _check_optimize_result("lbfgs", opt_res, self.max_iter)

2026-06-20 20:36:59,129:WARNING:/Users/junhwi/anaconda3/envs/Sampyo/lib/python3.11/site-packages/sklearn/linear_model/_huber.py:342: ConvergenceWarning: lbfgs failed to converge (status=1):
STOP: TOTAL NO. of ITERATIONS REACHED LIMIT.

Increase the number of iterations (max_iter) or scale the data as shown in:
    https://scikit-learn.org/stable/modules/preprocessing.html
  self.n_iter_ = _check_optimize_result("lbfgs", opt_res, self.max_iter)

2026-06-20 20:36:59,131:WARNING:/Users/junhwi/anaconda3/envs/Sampyo/lib/python3.11/site-packages/sklearn/linear_model/_huber.py:342: ConvergenceWarning: lbfgs failed to converge (status=1):
STOP: TOTAL NO. of ITERATIONS REACHED LIMIT.

Increase the number of iterations (max_iter) or scale the data as shown in:
    https://scikit-learn.org/stable/modules/preprocessing.html
  self.n_iter_ = _check_optimize_result("lbfgs", opt_res, self.max_iter)

2026-06-20 20:36:59,133:WARNING:/Users/junhwi/anaconda3/envs/Sampyo/lib/python3.11/site-packages/sklearn/linear_model/_huber.py:342: ConvergenceWarning: lbfgs failed to converge (status=1):
STOP: TOTAL NO. of ITERATIONS REACHED LIMIT.

Increase the number of iterations (max_iter) or scale the data as shown in:
    https://scikit-learn.org/stable/modules/preprocessing.html
  self.n_iter_ = _check_optimize_result("lbfgs", opt_res, self.max_iter)

2026-06-20 20:36:59,134:WARNING:/Users/junhwi/anaconda3/envs/Sampyo/lib/python3.11/site-packages/sklearn/linear_model/_huber.py:342: ConvergenceWarning: lbfgs failed to converge (status=1):
STOP: TOTAL NO. of ITERATIONS REACHED LIMIT.

Increase the number of iterations (max_iter) or scale the data as shown in:
    https://scikit-learn.org/stable/modules/preprocessing.html
  self.n_iter_ = _check_optimize_result("lbfgs", opt_res, self.max_iter)

2026-06-20 20:36:59,141:INFO:Calculating mean and std
2026-06-20 20:36:59,142:INFO:Creating metrics dataframe
2026-06-20 20:36:59,142:INFO:Uploading results into container
2026-06-20 20:36:59,142:INFO:Uploading model into container now
2026-06-20 20:36:59,142:INFO:_master_model_container: 10
2026-06-20 20:36:59,142:INFO:_display_container: 2
2026-06-20 20:36:59,142:INFO:HuberRegressor()
2026-06-20 20:36:59,142:INFO:create_model() successfully completed......................................
2026-06-20 20:36:59,183:INFO:SubProcess create_model() end ==================================
2026-06-20 20:36:59,183:INFO:Creating metrics dataframe
2026-06-20 20:36:59,185:INFO:Initializing K Neighbors Regressor
2026-06-20 20:36:59,185:INFO:Total runtime is 0.059148399035135905 minutes
2026-06-20 20:36:59,186:INFO:SubProcess create_model() called ==================================
2026-06-20 20:36:59,186:INFO:Initializing create_model()
2026-06-20 20:36:59,186:INFO:create_model(self=<pycaret.regression.oop.RegressionExperiment object at 0x17eb309d0>, estimator=knn, fold=KFold(n_splits=10, random_state=None, shuffle=False), round=4, cross_validation=True, predict=True, fit_kwargs={}, groups=None, refit=False, probability_threshold=None, experiment_custom_tags=None, verbose=False, system=False, add_to_model_list=True, metrics=None, display=<pycaret.internal.display.display.CommonDisplay object at 0x30cbe29d0>, model_only=True, return_train_score=False, error_score=0.0, kwargs={})
2026-06-20 20:36:59,186:INFO:Checking exceptions
2026-06-20 20:36:59,186:INFO:Importing libraries
2026-06-20 20:36:59,186:INFO:Copying training dataset
2026-06-20 20:36:59,188:INFO:Defining folds
2026-06-20 20:36:59,188:INFO:Declaring metric variables
2026-06-20 20:36:59,188:INFO:Importing untrained model
2026-06-20 20:36:59,189:INFO:K Neighbors Regressor Imported successfully
2026-06-20 20:36:59,191:INFO:Starting cross validation
2026-06-20 20:36:59,191:INFO:Cross validating with KFold(n_splits=10, random_state=None, shuffle=False), n_jobs=-1
2026-06-20 20:36:59,257:INFO:Calculating mean and std
2026-06-20 20:36:59,257:INFO:Creating metrics dataframe
2026-06-20 20:36:59,258:INFO:Uploading results into container
2026-06-20 20:36:59,258:INFO:Uploading model into container now
2026-06-20 20:36:59,258:INFO:_master_model_container: 11
2026-06-20 20:36:59,258:INFO:_display_container: 2
2026-06-20 20:36:59,258:INFO:KNeighborsRegressor(n_jobs=-1)
2026-06-20 20:36:59,258:INFO:create_model() successfully completed......................................
2026-06-20 20:36:59,299:INFO:SubProcess create_model() end ==================================
2026-06-20 20:36:59,299:INFO:Creating metrics dataframe
2026-06-20 20:36:59,302:INFO:Initializing Decision Tree Regressor
2026-06-20 20:36:59,303:INFO:Total runtime is 0.06110300223032634 minutes
2026-06-20 20:36:59,304:INFO:SubProcess create_model() called ==================================
2026-06-20 20:36:59,304:INFO:Initializing create_model()
2026-06-20 20:36:59,304:INFO:create_model(self=<pycaret.regression.oop.RegressionExperiment object at 0x17eb309d0>, estimator=dt, fold=KFold(n_splits=10, random_state=None, shuffle=False), round=4, cross_validation=True, predict=True, fit_kwargs={}, groups=None, refit=False, probability_threshold=None, experiment_custom_tags=None, verbose=False, system=False, add_to_model_list=True, metrics=None, display=<pycaret.internal.display.display.CommonDisplay object at 0x30cbe29d0>, model_only=True, return_train_score=False, error_score=0.0, kwargs={})
2026-06-20 20:36:59,304:INFO:Checking exceptions
2026-06-20 20:36:59,304:INFO:Importing libraries
2026-06-20 20:36:59,304:INFO:Copying training dataset
2026-06-20 20:36:59,305:INFO:Defining folds
2026-06-20 20:36:59,305:INFO:Declaring metric variables
2026-06-20 20:36:59,306:INFO:Importing untrained model
2026-06-20 20:36:59,307:INFO:Decision Tree Regressor Imported successfully
2026-06-20 20:36:59,308:INFO:Starting cross validation
2026-06-20 20:36:59,308:INFO:Cross validating with KFold(n_splits=10, random_state=None, shuffle=False), n_jobs=-1
2026-06-20 20:36:59,341:INFO:Calculating mean and std
2026-06-20 20:36:59,341:INFO:Creating metrics dataframe
2026-06-20 20:36:59,342:INFO:Uploading results into container
2026-06-20 20:36:59,342:INFO:Uploading model into container now
2026-06-20 20:36:59,342:INFO:_master_model_container: 12
2026-06-20 20:36:59,342:INFO:_display_container: 2
2026-06-20 20:36:59,342:INFO:DecisionTreeRegressor(random_state=123)
2026-06-20 20:36:59,342:INFO:create_model() successfully completed......................................
2026-06-20 20:36:59,383:INFO:SubProcess create_model() end ==================================
2026-06-20 20:36:59,383:INFO:Creating metrics dataframe
2026-06-20 20:36:59,386:INFO:Initializing Random Forest Regressor
2026-06-20 20:36:59,386:INFO:Total runtime is 0.06249221960703532 minutes
2026-06-20 20:36:59,387:INFO:SubProcess create_model() called ==================================
2026-06-20 20:36:59,387:INFO:Initializing create_model()
2026-06-20 20:36:59,387:INFO:create_model(self=<pycaret.regression.oop.RegressionExperiment object at 0x17eb309d0>, estimator=rf, fold=KFold(n_splits=10, random_state=None, shuffle=False), round=4, cross_validation=True, predict=True, fit_kwargs={}, groups=None, refit=False, probability_threshold=None, experiment_custom_tags=None, verbose=False, system=False, add_to_model_list=True, metrics=None, display=<pycaret.internal.display.display.CommonDisplay object at 0x30cbe29d0>, model_only=True, return_train_score=False, error_score=0.0, kwargs={})
2026-06-20 20:36:59,387:INFO:Checking exceptions
2026-06-20 20:36:59,387:INFO:Importing libraries
2026-06-20 20:36:59,387:INFO:Copying training dataset
2026-06-20 20:36:59,388:INFO:Defining folds
2026-06-20 20:36:59,388:INFO:Declaring metric variables
2026-06-20 20:36:59,389:INFO:Importing untrained model
2026-06-20 20:36:59,390:INFO:Random Forest Regressor Imported successfully
2026-06-20 20:36:59,392:INFO:Starting cross validation
2026-06-20 20:36:59,392:INFO:Cross validating with KFold(n_splits=10, random_state=None, shuffle=False), n_jobs=-1
2026-06-20 20:36:59,626:INFO:Calculating mean and std
2026-06-20 20:36:59,626:INFO:Creating metrics dataframe
2026-06-20 20:36:59,627:INFO:Uploading results into container
2026-06-20 20:36:59,627:INFO:Uploading model into container now
2026-06-20 20:36:59,627:INFO:_master_model_container: 13
2026-06-20 20:36:59,627:INFO:_display_container: 2
2026-06-20 20:36:59,627:INFO:RandomForestRegressor(n_jobs=-1, random_state=123)
2026-06-20 20:36:59,627:INFO:create_model() successfully completed......................................
2026-06-20 20:36:59,669:INFO:SubProcess create_model() end ==================================
2026-06-20 20:36:59,669:INFO:Creating metrics dataframe
2026-06-20 20:36:59,672:INFO:Initializing Extra Trees Regressor
2026-06-20 20:36:59,672:INFO:Total runtime is 0.06725401878356933 minutes
2026-06-20 20:36:59,672:INFO:SubProcess create_model() called ==================================
2026-06-20 20:36:59,673:INFO:Initializing create_model()
2026-06-20 20:36:59,673:INFO:create_model(self=<pycaret.regression.oop.RegressionExperiment object at 0x17eb309d0>, estimator=et, fold=KFold(n_splits=10, random_state=None, shuffle=False), round=4, cross_validation=True, predict=True, fit_kwargs={}, groups=None, refit=False, probability_threshold=None, experiment_custom_tags=None, verbose=False, system=False, add_to_model_list=True, metrics=None, display=<pycaret.internal.display.display.CommonDisplay object at 0x30cbe29d0>, model_only=True, return_train_score=False, error_score=0.0, kwargs={})
2026-06-20 20:36:59,673:INFO:Checking exceptions
2026-06-20 20:36:59,673:INFO:Importing libraries
2026-06-20 20:36:59,673:INFO:Copying training dataset
2026-06-20 20:36:59,674:INFO:Defining folds
2026-06-20 20:36:59,674:INFO:Declaring metric variables
2026-06-20 20:36:59,675:INFO:Importing untrained model
2026-06-20 20:36:59,676:INFO:Extra Trees Regressor Imported successfully
2026-06-20 20:36:59,678:INFO:Starting cross validation
2026-06-20 20:36:59,679:INFO:Cross validating with KFold(n_splits=10, random_state=None, shuffle=False), n_jobs=-1
2026-06-20 20:36:59,834:INFO:Calculating mean and std
2026-06-20 20:36:59,834:INFO:Creating metrics dataframe
2026-06-20 20:36:59,834:INFO:Uploading results into container
2026-06-20 20:36:59,834:INFO:Uploading model into container now
2026-06-20 20:36:59,834:INFO:_master_model_container: 14
2026-06-20 20:36:59,834:INFO:_display_container: 2
2026-06-20 20:36:59,834:INFO:ExtraTreesRegressor(n_jobs=-1, random_state=123)
2026-06-20 20:36:59,835:INFO:create_model() successfully completed......................................
2026-06-20 20:36:59,875:INFO:SubProcess create_model() end ==================================
2026-06-20 20:36:59,875:INFO:Creating metrics dataframe
2026-06-20 20:36:59,878:INFO:Initializing AdaBoost Regressor
2026-06-20 20:36:59,878:INFO:Total runtime is 0.0706895351409912 minutes
2026-06-20 20:36:59,879:INFO:SubProcess create_model() called ==================================
2026-06-20 20:36:59,879:INFO:Initializing create_model()
2026-06-20 20:36:59,879:INFO:create_model(self=<pycaret.regression.oop.RegressionExperiment object at 0x17eb309d0>, estimator=ada, fold=KFold(n_splits=10, random_state=None, shuffle=False), round=4, cross_validation=True, predict=True, fit_kwargs={}, groups=None, refit=False, probability_threshold=None, experiment_custom_tags=None, verbose=False, system=False, add_to_model_list=True, metrics=None, display=<pycaret.internal.display.display.CommonDisplay object at 0x30cbe29d0>, model_only=True, return_train_score=False, error_score=0.0, kwargs={})
2026-06-20 20:36:59,879:INFO:Checking exceptions
2026-06-20 20:36:59,879:INFO:Importing libraries
2026-06-20 20:36:59,879:INFO:Copying training dataset
2026-06-20 20:36:59,880:INFO:Defining folds
2026-06-20 20:36:59,880:INFO:Declaring metric variables
2026-06-20 20:36:59,881:INFO:Importing untrained model
2026-06-20 20:36:59,882:INFO:AdaBoost Regressor Imported successfully
2026-06-20 20:36:59,884:INFO:Starting cross validation
2026-06-20 20:36:59,884:INFO:Cross validating with KFold(n_splits=10, random_state=None, shuffle=False), n_jobs=-1
2026-06-20 20:36:59,964:INFO:Calculating mean and std
2026-06-20 20:36:59,964:INFO:Creating metrics dataframe
2026-06-20 20:36:59,965:INFO:Uploading results into container
2026-06-20 20:36:59,965:INFO:Uploading model into container now
2026-06-20 20:36:59,965:INFO:_master_model_container: 15
2026-06-20 20:36:59,965:INFO:_display_container: 2
2026-06-20 20:36:59,965:INFO:AdaBoostRegressor(random_state=123)
2026-06-20 20:36:59,965:INFO:create_model() successfully completed......................................
2026-06-20 20:37:00,007:INFO:SubProcess create_model() end ==================================
2026-06-20 20:37:00,007:INFO:Creating metrics dataframe
2026-06-20 20:37:00,010:INFO:Initializing Gradient Boosting Regressor
2026-06-20 20:37:00,010:INFO:Total runtime is 0.07288868427276611 minutes
2026-06-20 20:37:00,011:INFO:SubProcess create_model() called ==================================
2026-06-20 20:37:00,011:INFO:Initializing create_model()
2026-06-20 20:37:00,011:INFO:create_model(self=<pycaret.regression.oop.RegressionExperiment object at 0x17eb309d0>, estimator=gbr, fold=KFold(n_splits=10, random_state=None, shuffle=False), round=4, cross_validation=True, predict=True, fit_kwargs={}, groups=None, refit=False, probability_threshold=None, experiment_custom_tags=None, verbose=False, system=False, add_to_model_list=True, metrics=None, display=<pycaret.internal.display.display.CommonDisplay object at 0x30cbe29d0>, model_only=True, return_train_score=False, error_score=0.0, kwargs={})
2026-06-20 20:37:00,011:INFO:Checking exceptions
2026-06-20 20:37:00,011:INFO:Importing libraries
2026-06-20 20:37:00,011:INFO:Copying training dataset
2026-06-20 20:37:00,012:INFO:Defining folds
2026-06-20 20:37:00,012:INFO:Declaring metric variables
2026-06-20 20:37:00,013:INFO:Importing untrained model
2026-06-20 20:37:00,014:INFO:Gradient Boosting Regressor Imported successfully
2026-06-20 20:37:00,016:INFO:Starting cross validation
2026-06-20 20:37:00,017:INFO:Cross validating with KFold(n_splits=10, random_state=None, shuffle=False), n_jobs=-1
2026-06-20 20:37:00,137:INFO:Calculating mean and std
2026-06-20 20:37:00,137:INFO:Creating metrics dataframe
2026-06-20 20:37:00,138:INFO:Uploading results into container
2026-06-20 20:37:00,138:INFO:Uploading model into container now
2026-06-20 20:37:00,138:INFO:_master_model_container: 16
2026-06-20 20:37:00,138:INFO:_display_container: 2
2026-06-20 20:37:00,138:INFO:GradientBoostingRegressor(random_state=123)
2026-06-20 20:37:00,138:INFO:create_model() successfully completed......................................
2026-06-20 20:37:00,186:INFO:SubProcess create_model() end ==================================
2026-06-20 20:37:00,186:INFO:Creating metrics dataframe
2026-06-20 20:37:00,189:INFO:Initializing Light Gradient Boosting Machine
2026-06-20 20:37:00,189:INFO:Total runtime is 0.07588443358739216 minutes
2026-06-20 20:37:00,190:INFO:SubProcess create_model() called ==================================
2026-06-20 20:37:00,190:INFO:Initializing create_model()
2026-06-20 20:37:00,190:INFO:create_model(self=<pycaret.regression.oop.RegressionExperiment object at 0x17eb309d0>, estimator=lightgbm, fold=KFold(n_splits=10, random_state=None, shuffle=False), round=4, cross_validation=True, predict=True, fit_kwargs={}, groups=None, refit=False, probability_threshold=None, experiment_custom_tags=None, verbose=False, system=False, add_to_model_list=True, metrics=None, display=<pycaret.internal.display.display.CommonDisplay object at 0x30cbe29d0>, model_only=True, return_train_score=False, error_score=0.0, kwargs={})
2026-06-20 20:37:00,190:INFO:Checking exceptions
2026-06-20 20:37:00,190:INFO:Importing libraries
2026-06-20 20:37:00,190:INFO:Copying training dataset
2026-06-20 20:37:00,192:INFO:Defining folds
2026-06-20 20:37:00,192:INFO:Declaring metric variables
2026-06-20 20:37:00,193:INFO:Importing untrained model
2026-06-20 20:37:00,194:INFO:Light Gradient Boosting Machine Imported successfully
2026-06-20 20:37:00,196:INFO:Starting cross validation
2026-06-20 20:37:00,197:INFO:Cross validating with KFold(n_splits=10, random_state=None, shuffle=False), n_jobs=-1
2026-06-20 20:37:01,969:INFO:Calculating mean and std
2026-06-20 20:37:01,970:INFO:Creating metrics dataframe
2026-06-20 20:37:01,970:INFO:Uploading results into container
2026-06-20 20:37:01,970:INFO:Uploading model into container now
2026-06-20 20:37:01,970:INFO:_master_model_container: 17
2026-06-20 20:37:01,970:INFO:_display_container: 2
2026-06-20 20:37:01,970:INFO:LGBMRegressor(n_jobs=-1, random_state=123)
2026-06-20 20:37:01,970:INFO:create_model() successfully completed......................................
2026-06-20 20:37:02,012:INFO:SubProcess create_model() end ==================================
2026-06-20 20:37:02,012:INFO:Creating metrics dataframe
2026-06-20 20:37:02,015:INFO:Initializing Dummy Regressor
2026-06-20 20:37:02,015:INFO:Total runtime is 0.10631661812464395 minutes
2026-06-20 20:37:02,016:INFO:SubProcess create_model() called ==================================
2026-06-20 20:37:02,017:INFO:Initializing create_model()
2026-06-20 20:37:02,017:INFO:create_model(self=<pycaret.regression.oop.RegressionExperiment object at 0x17eb309d0>, estimator=dummy, fold=KFold(n_splits=10, random_state=None, shuffle=False), round=4, cross_validation=True, predict=True, fit_kwargs={}, groups=None, refit=False, probability_threshold=None, experiment_custom_tags=None, verbose=False, system=False, add_to_model_list=True, metrics=None, display=<pycaret.internal.display.display.CommonDisplay object at 0x30cbe29d0>, model_only=True, return_train_score=False, error_score=0.0, kwargs={})
2026-06-20 20:37:02,017:INFO:Checking exceptions
2026-06-20 20:37:02,017:INFO:Importing libraries
2026-06-20 20:37:02,017:INFO:Copying training dataset
2026-06-20 20:37:02,018:INFO:Defining folds
2026-06-20 20:37:02,018:INFO:Declaring metric variables
2026-06-20 20:37:02,019:INFO:Importing untrained model
2026-06-20 20:37:02,020:INFO:Dummy Regressor Imported successfully
2026-06-20 20:37:02,022:INFO:Starting cross validation
2026-06-20 20:37:02,022:INFO:Cross validating with KFold(n_splits=10, random_state=None, shuffle=False), n_jobs=-1
2026-06-20 20:37:02,049:INFO:Calculating mean and std
2026-06-20 20:37:02,049:INFO:Creating metrics dataframe
2026-06-20 20:37:02,050:INFO:Uploading results into container
2026-06-20 20:37:02,050:INFO:Uploading model into container now
2026-06-20 20:37:02,050:INFO:_master_model_container: 18
2026-06-20 20:37:02,050:INFO:_display_container: 2
2026-06-20 20:37:02,050:INFO:DummyRegressor()
2026-06-20 20:37:02,050:INFO:create_model() successfully completed......................................
2026-06-20 20:37:02,092:INFO:SubProcess create_model() end ==================================
2026-06-20 20:37:02,092:INFO:Creating metrics dataframe
2026-06-20 20:37:02,097:WARNING:/Users/junhwi/anaconda3/envs/Sampyo/lib/python3.11/site-packages/pycaret/internal/pycaret_experiment/supervised_experiment.py:339: FutureWarning: Styler.applymap has been deprecated. Use Styler.map instead.
  .applymap(highlight_cols, subset=["TT (Sec)"])

2026-06-20 20:37:02,099:INFO:Initializing create_model()
2026-06-20 20:37:02,100:INFO:create_model(self=<pycaret.regression.oop.RegressionExperiment object at 0x17eb309d0>, estimator=LGBMRegressor(n_jobs=-1, random_state=123), fold=KFold(n_splits=10, random_state=None, shuffle=False), round=4, cross_validation=False, predict=False, fit_kwargs={}, groups=None, refit=True, probability_threshold=None, experiment_custom_tags=None, verbose=False, system=False, add_to_model_list=True, metrics=None, display=None, model_only=True, return_train_score=False, error_score=0.0, kwargs={})
2026-06-20 20:37:02,100:INFO:Checking exceptions
2026-06-20 20:37:02,100:INFO:Importing libraries
2026-06-20 20:37:02,101:INFO:Copying training dataset
2026-06-20 20:37:02,102:INFO:Defining folds
2026-06-20 20:37:02,102:INFO:Declaring metric variables
2026-06-20 20:37:02,102:INFO:Importing untrained model
2026-06-20 20:37:02,102:INFO:Declaring custom model
2026-06-20 20:37:02,102:INFO:Light Gradient Boosting Machine Imported successfully
2026-06-20 20:37:02,102:INFO:Cross validation set to False
2026-06-20 20:37:02,102:INFO:Fitting Model
2026-06-20 20:37:02,107:INFO:[LightGBM] [Info] Auto-choosing col-wise multi-threading, the overhead of testing was 0.000172 seconds.
2026-06-20 20:37:02,107:INFO:You can set `force_col_wise=true` to remove the overhead.
2026-06-20 20:37:02,107:INFO:[LightGBM] [Info] Total Bins 846
2026-06-20 20:37:02,107:INFO:[LightGBM] [Info] Number of data points in the train set: 721, number of used features: 8
2026-06-20 20:37:02,108:INFO:[LightGBM] [Info] Start training from score 35.933675
2026-06-20 20:37:02,110:INFO:[LightGBM] [Warning] No further splits with positive gain, best gain: -inf
2026-06-20 20:37:02,112:INFO:[LightGBM] [Warning] No further splits with positive gain, best gain: -inf
2026-06-20 20:37:02,114:INFO:[LightGBM] [Warning] No further splits with positive gain, best gain: -inf
2026-06-20 20:37:02,115:INFO:[LightGBM] [Warning] No further splits with positive gain, best gain: -inf
2026-06-20 20:37:02,117:INFO:[LightGBM] [Warning] No further splits with positive gain, best gain: -inf
2026-06-20 20:37:02,119:INFO:[LightGBM] [Warning] No further splits with positive gain, best gain: -inf
2026-06-20 20:37:02,122:INFO:[LightGBM] [Warning] No further splits with positive gain, best gain: -inf
2026-06-20 20:37:02,124:INFO:[LightGBM] [Warning] No further splits with positive gain, best gain: -inf
2026-06-20 20:37:02,127:INFO:[LightGBM] [Warning] No further splits with positive gain, best gain: -inf
2026-06-20 20:37:02,130:INFO:[LightGBM] [Warning] No further splits with positive gain, best gain: -inf
2026-06-20 20:37:02,133:INFO:[LightGBM] [Warning] No further splits with positive gain, best gain: -inf
2026-06-20 20:37:02,135:INFO:[LightGBM] [Warning] No further splits with positive gain, best gain: -inf
2026-06-20 20:37:02,137:INFO:[LightGBM] [Warning] No further splits with positive gain, best gain: -inf
2026-06-20 20:37:02,140:INFO:[LightGBM] [Warning] No further splits with positive gain, best gain: -inf
2026-06-20 20:37:02,142:INFO:[LightGBM] [Warning] No further splits with positive gain, best gain: -inf
2026-06-20 20:37:02,145:INFO:[LightGBM] [Warning] No further splits with positive gain, best gain: -inf
2026-06-20 20:37:02,147:INFO:[LightGBM] [Warning] No further splits with positive gain, best gain: -inf
2026-06-20 20:37:02,150:INFO:[LightGBM] [Warning] No further splits with positive gain, best gain: -inf
2026-06-20 20:37:02,152:INFO:[LightGBM] [Warning] No further splits with positive gain, best gain: -inf
2026-06-20 20:37:02,154:INFO:[LightGBM] [Warning] No further splits with positive gain, best gain: -inf
2026-06-20 20:37:02,157:INFO:[LightGBM] [Warning] No further splits with positive gain, best gain: -inf
2026-06-20 20:37:02,159:INFO:[LightGBM] [Warning] No further splits with positive gain, best gain: -inf
2026-06-20 20:37:02,163:INFO:[LightGBM] [Warning] No further splits with positive gain, best gain: -inf
2026-06-20 20:37:02,165:INFO:[LightGBM] [Warning] No further splits with positive gain, best gain: -inf
2026-06-20 20:37:02,168:INFO:[LightGBM] [Warning] No further splits with positive gain, best gain: -inf
2026-06-20 20:37:02,170:INFO:[LightGBM] [Warning] No further splits with positive gain, best gain: -inf
2026-06-20 20:37:02,173:INFO:[LightGBM] [Warning] No further splits with positive gain, best gain: -inf
2026-06-20 20:37:02,175:INFO:[LightGBM] [Warning] No further splits with positive gain, best gain: -inf
2026-06-20 20:37:02,178:INFO:[LightGBM] [Warning] No further splits with positive gain, best gain: -inf
2026-06-20 20:37:02,181:INFO:[LightGBM] [Warning] No further splits with positive gain, best gain: -inf
2026-06-20 20:37:02,183:INFO:[LightGBM] [Warning] No further splits with positive gain, best gain: -inf
2026-06-20 20:37:02,185:INFO:[LightGBM] [Warning] No further splits with positive gain, best gain: -inf
2026-06-20 20:37:02,188:INFO:[LightGBM] [Warning] No further splits with positive gain, best gain: -inf
2026-06-20 20:37:02,191:INFO:[LightGBM] [Warning] No further splits with positive gain, best gain: -inf
2026-06-20 20:37:02,193:INFO:[LightGBM] [Warning] No further splits with positive gain, best gain: -inf
2026-06-20 20:37:02,196:INFO:[LightGBM] [Warning] No further splits with positive gain, best gain: -inf
2026-06-20 20:37:02,199:INFO:[LightGBM] [Warning] No further splits with positive gain, best gain: -inf
2026-06-20 20:37:02,201:INFO:[LightGBM] [Warning] No further splits with positive gain, best gain: -inf
2026-06-20 20:37:02,203:INFO:[LightGBM] [Warning] No further splits with positive gain, best gain: -inf
2026-06-20 20:37:02,206:INFO:[LightGBM] [Warning] No further splits with positive gain, best gain: -inf
2026-06-20 20:37:02,208:INFO:[LightGBM] [Warning] No further splits with positive gain, best gain: -inf
2026-06-20 20:37:02,211:INFO:[LightGBM] [Warning] No further splits with positive gain, best gain: -inf
2026-06-20 20:37:02,214:INFO:[LightGBM] [Warning] No further splits with positive gain, best gain: -inf
2026-06-20 20:37:02,216:INFO:[LightGBM] [Warning] No further splits with positive gain, best gain: -inf
2026-06-20 20:37:02,218:INFO:[LightGBM] [Warning] No further splits with positive gain, best gain: -inf
2026-06-20 20:37:02,221:INFO:[LightGBM] [Warning] No further splits with positive gain, best gain: -inf
2026-06-20 20:37:02,224:INFO:[LightGBM] [Warning] No further splits with positive gain, best gain: -inf
2026-06-20 20:37:02,226:INFO:[LightGBM] [Warning] No further splits with positive gain, best gain: -inf
2026-06-20 20:37:02,229:INFO:[LightGBM] [Warning] No further splits with positive gain, best gain: -inf
2026-06-20 20:37:02,232:INFO:[LightGBM] [Warning] No further splits with positive gain, best gain: -inf
2026-06-20 20:37:02,234:INFO:[LightGBM] [Warning] No further splits with positive gain, best gain: -inf
2026-06-20 20:37:02,237:INFO:[LightGBM] [Warning] No further splits with positive gain, best gain: -inf
2026-06-20 20:37:02,239:INFO:[LightGBM] [Warning] No further splits with positive gain, best gain: -inf
2026-06-20 20:37:02,242:INFO:[LightGBM] [Warning] No further splits with positive gain, best gain: -inf
2026-06-20 20:37:02,245:INFO:[LightGBM] [Warning] No further splits with positive gain, best gain: -inf
2026-06-20 20:37:02,248:INFO:[LightGBM] [Warning] No further splits with positive gain, best gain: -inf
2026-06-20 20:37:02,250:INFO:[LightGBM] [Warning] No further splits with positive gain, best gain: -inf
2026-06-20 20:37:02,253:INFO:[LightGBM] [Warning] No further splits with positive gain, best gain: -inf
2026-06-20 20:37:02,255:INFO:[LightGBM] [Warning] No further splits with positive gain, best gain: -inf
2026-06-20 20:37:02,258:INFO:[LightGBM] [Warning] No further splits with positive gain, best gain: -inf
2026-06-20 20:37:02,260:INFO:[LightGBM] [Warning] No further splits with positive gain, best gain: -inf
2026-06-20 20:37:02,263:INFO:[LightGBM] [Warning] No further splits with positive gain, best gain: -inf
2026-06-20 20:37:02,265:INFO:[LightGBM] [Warning] No further splits with positive gain, best gain: -inf
2026-06-20 20:37:02,268:INFO:[LightGBM] [Warning] No further splits with positive gain, best gain: -inf
2026-06-20 20:37:02,270:INFO:[LightGBM] [Warning] No further splits with positive gain, best gain: -inf
2026-06-20 20:37:02,273:INFO:[LightGBM] [Warning] No further splits with positive gain, best gain: -inf
2026-06-20 20:37:02,276:INFO:[LightGBM] [Warning] No further splits with positive gain, best gain: -inf
2026-06-20 20:37:02,278:INFO:[LightGBM] [Warning] No further splits with positive gain, best gain: -inf
2026-06-20 20:37:02,281:INFO:[LightGBM] [Warning] No further splits with positive gain, best gain: -inf
2026-06-20 20:37:02,283:INFO:[LightGBM] [Warning] No further splits with positive gain, best gain: -inf
2026-06-20 20:37:02,285:INFO:[LightGBM] [Warning] No further splits with positive gain, best gain: -inf
2026-06-20 20:37:02,288:INFO:[LightGBM] [Warning] No further splits with positive gain, best gain: -inf
2026-06-20 20:37:02,291:INFO:[LightGBM] [Warning] No further splits with positive gain, best gain: -inf
2026-06-20 20:37:02,294:INFO:[LightGBM] [Warning] No further splits with positive gain, best gain: -inf
2026-06-20 20:37:02,296:INFO:[LightGBM] [Warning] No further splits with positive gain, best gain: -inf
2026-06-20 20:37:02,299:INFO:[LightGBM] [Warning] No further splits with positive gain, best gain: -inf
2026-06-20 20:37:02,301:INFO:[LightGBM] [Warning] No further splits with positive gain, best gain: -inf
2026-06-20 20:37:02,304:INFO:[LightGBM] [Warning] No further splits with positive gain, best gain: -inf
2026-06-20 20:37:02,307:INFO:[LightGBM] [Warning] No further splits with positive gain, best gain: -inf
2026-06-20 20:37:02,309:INFO:[LightGBM] [Warning] No further splits with positive gain, best gain: -inf
2026-06-20 20:37:02,312:INFO:[LightGBM] [Warning] No further splits with positive gain, best gain: -inf
2026-06-20 20:37:02,315:INFO:[LightGBM] [Warning] No further splits with positive gain, best gain: -inf
2026-06-20 20:37:02,317:INFO:[LightGBM] [Warning] No further splits with positive gain, best gain: -inf
2026-06-20 20:37:02,320:INFO:[LightGBM] [Warning] No further splits with positive gain, best gain: -inf
2026-06-20 20:37:02,323:INFO:[LightGBM] [Warning] No further splits with positive gain, best gain: -inf
2026-06-20 20:37:02,325:INFO:[LightGBM] [Warning] No further splits with positive gain, best gain: -inf
2026-06-20 20:37:02,328:INFO:[LightGBM] [Warning] No further splits with positive gain, best gain: -inf
2026-06-20 20:37:02,330:INFO:[LightGBM] [Warning] No further splits with positive gain, best gain: -inf
2026-06-20 20:37:02,333:INFO:[LightGBM] [Warning] No further splits with positive gain, best gain: -inf
2026-06-20 20:37:02,336:INFO:[LightGBM] [Warning] No further splits with positive gain, best gain: -inf
2026-06-20 20:37:02,338:INFO:[LightGBM] [Warning] No further splits with positive gain, best gain: -inf
2026-06-20 20:37:02,341:INFO:[LightGBM] [Warning] No further splits with positive gain, best gain: -inf
2026-06-20 20:37:02,344:INFO:[LightGBM] [Warning] No further splits with positive gain, best gain: -inf
2026-06-20 20:37:02,346:INFO:[LightGBM] [Warning] No further splits with positive gain, best gain: -inf
2026-06-20 20:37:02,349:INFO:[LightGBM] [Warning] No further splits with positive gain, best gain: -inf
2026-06-20 20:37:02,351:INFO:[LightGBM] [Warning] No further splits with positive gain, best gain: -inf
2026-06-20 20:37:02,354:INFO:[LightGBM] [Warning] No further splits with positive gain, best gain: -inf
2026-06-20 20:37:02,357:INFO:[LightGBM] [Warning] No further splits with positive gain, best gain: -inf
2026-06-20 20:37:02,360:INFO:[LightGBM] [Warning] No further splits with positive gain, best gain: -inf
2026-06-20 20:37:02,363:INFO:[LightGBM] [Warning] No further splits with positive gain, best gain: -inf
2026-06-20 20:37:02,364:INFO:LGBMRegressor(n_jobs=-1, random_state=123)
2026-06-20 20:37:02,364:INFO:create_model() successfully completed......................................
2026-06-20 20:37:02,415:INFO:_master_model_container: 18
2026-06-20 20:37:02,415:INFO:_display_container: 2
2026-06-20 20:37:02,415:INFO:LGBMRegressor(n_jobs=-1, random_state=123)
2026-06-20 20:37:02,415:INFO:compare_models() successfully completed......................................
2026-06-20 21:10:57,136:WARNING:
'cuml' is a soft dependency and not included in the pycaret installation. Please run: `pip install cuml` to install.
2026-06-20 21:10:57,136:WARNING:
'cuml' is a soft dependency and not included in the pycaret installation. Please run: `pip install cuml` to install.
2026-06-20 21:10:57,136:WARNING:
'cuml' is a soft dependency and not included in the pycaret installation. Please run: `pip install cuml` to install.
2026-06-20 21:10:57,136:WARNING:
'cuml' is a soft dependency and not included in the pycaret installation. Please run: `pip install cuml` to install.
2026-06-20 21:10:57,226:INFO:PyCaret RegressionExperiment
2026-06-20 21:10:57,226:INFO:Logging name: reg-default-name
2026-06-20 21:10:57,226:INFO:ML Usecase: MLUsecase.REGRESSION
2026-06-20 21:10:57,226:INFO:version 3.3.2
2026-06-20 21:10:57,226:INFO:Initializing setup()
2026-06-20 21:10:57,226:INFO:self.USI: 4a44
2026-06-20 21:10:57,226:INFO:self._variable_keys: {'exp_id', 'exp_name_log', 'transform_target_param', '_available_plots', 'fold_groups_param', 'y_train', 'seed', 'fold_generator', 'logging_param', 'X_test', 'gpu_param', 'data', 'fold_shuffle_param', 'USI', '_ml_usecase', 'log_plots_param', 'pipeline', 'y_test', 'X_train', 'idx', 'html_param', 'target_param', 'memory', 'n_jobs_param', 'gpu_n_jobs_param', 'y', 'X'}
2026-06-20 21:10:57,226:INFO:Checking environment
2026-06-20 21:10:57,226:INFO:python_version: 3.11.15
2026-06-20 21:10:57,226:INFO:python_build: ('main', 'Jun 11 2026 15:14:57')
2026-06-20 21:10:57,226:INFO:machine: arm64
2026-06-20 21:10:57,226:INFO:platform: macOS-26.2-arm64-arm-64bit
2026-06-20 21:10:57,226:INFO:Memory: svmem(total=17179869184, available=6240649216, percent=63.7, used=6653804544, free=1643659264, active=4594237440, inactive=4443570176, wired=2059567104)
2026-06-20 21:10:57,226:INFO:Physical Core: 10
2026-06-20 21:10:57,226:INFO:Logical Core: 10
2026-06-20 21:10:57,226:INFO:Checking libraries
2026-06-20 21:10:57,226:INFO:System:
2026-06-20 21:10:57,226:INFO:    python: 3.11.15 (main, Jun 11 2026, 15:14:57) [Clang 20.1.8 ]
2026-06-20 21:10:57,226:INFO:executable: /Users/junhwi/anaconda3/envs/Sampyo/bin/python
2026-06-20 21:10:57,226:INFO:   machine: macOS-26.2-arm64-arm-64bit
2026-06-20 21:10:57,226:INFO:PyCaret required dependencies:
2026-06-20 21:10:57,226:WARNING:/Users/junhwi/anaconda3/envs/Sampyo/lib/python3.11/site-packages/_distutils_hack/__init__.py:30: UserWarning: Setuptools is replacing distutils. Support for replacing an already imported distutils is deprecated. In the future, this condition will fail. Register concerns at https://github.com/pypa/setuptools/issues/new?template=distutils-deprecation.yml
  warnings.warn(

2026-06-20 21:10:57,240:INFO:                 pip: 26.1.1
2026-06-20 21:10:57,240:INFO:          setuptools: 81.0.0
2026-06-20 21:10:57,240:INFO:             pycaret: 3.3.2
2026-06-20 21:10:57,240:INFO:             IPython: 9.14.1
2026-06-20 21:10:57,240:INFO:          ipywidgets: 8.1.8
2026-06-20 21:10:57,240:INFO:                tqdm: 4.68.2
2026-06-20 21:10:57,240:INFO:               numpy: 1.26.4
2026-06-20 21:10:57,240:INFO:              pandas: 2.1.4
2026-06-20 21:10:57,240:INFO:              jinja2: 3.1.6
2026-06-20 21:10:57,240:INFO:               scipy: 1.11.4
2026-06-20 21:10:57,240:INFO:              joblib: 1.3.2
2026-06-20 21:10:57,240:INFO:             sklearn: 1.4.2
2026-06-20 21:10:57,240:INFO:                pyod: 3.4.0
2026-06-20 21:10:57,240:INFO:            imblearn: 0.14.2
2026-06-20 21:10:57,240:INFO:   category_encoders: 2.7.0
2026-06-20 21:10:57,240:INFO:            lightgbm: 4.6.0
2026-06-20 21:10:57,240:INFO:               numba: 0.65.1
2026-06-20 21:10:57,240:INFO:            requests: 2.34.2
2026-06-20 21:10:57,240:INFO:          matplotlib: 3.7.5
2026-06-20 21:10:57,240:INFO:          scikitplot: 0.3.7
2026-06-20 21:10:57,240:INFO:         yellowbrick: 1.5
2026-06-20 21:10:57,240:INFO:              plotly: 6.8.0
2026-06-20 21:10:57,240:INFO:    plotly-resampler: Not installed
2026-06-20 21:10:57,240:INFO:             kaleido: 1.3.0
2026-06-20 21:10:57,240:INFO:           schemdraw: 0.15
2026-06-20 21:10:57,240:INFO:         statsmodels: 0.14.6
2026-06-20 21:10:57,240:INFO:              sktime: 0.26.0
2026-06-20 21:10:57,240:INFO:               tbats: 1.1.3
2026-06-20 21:10:57,240:INFO:            pmdarima: 2.0.4
2026-06-20 21:10:57,240:INFO:              psutil: 7.2.2
2026-06-20 21:10:57,240:INFO:          markupsafe: 3.0.3
2026-06-20 21:10:57,240:INFO:             pickle5: Not installed
2026-06-20 21:10:57,240:INFO:         cloudpickle: 3.1.2
2026-06-20 21:10:57,240:INFO:         deprecation: 2.1.0
2026-06-20 21:10:57,240:INFO:              xxhash: 3.7.0
2026-06-20 21:10:57,240:INFO:           wurlitzer: 3.1.1
2026-06-20 21:10:57,240:INFO:PyCaret optional dependencies:
2026-06-20 21:10:58,101:INFO:                shap: 0.44.1
2026-06-20 21:10:58,101:INFO:           interpret: Not installed
2026-06-20 21:10:58,101:INFO:                umap: Not installed
2026-06-20 21:10:58,101:INFO:     ydata_profiling: Not installed
2026-06-20 21:10:58,101:INFO:  explainerdashboard: Not installed
2026-06-20 21:10:58,101:INFO:             autoviz: Not installed
2026-06-20 21:10:58,101:INFO:           fairlearn: Not installed
2026-06-20 21:10:58,101:INFO:          deepchecks: Not installed
2026-06-20 21:10:58,101:INFO:             xgboost: Not installed
2026-06-20 21:10:58,101:INFO:            catboost: Not installed
2026-06-20 21:10:58,101:INFO:              kmodes: Not installed
2026-06-20 21:10:58,101:INFO:             mlxtend: Not installed
2026-06-20 21:10:58,101:INFO:       statsforecast: Not installed
2026-06-20 21:10:58,101:INFO:        tune_sklearn: Not installed
2026-06-20 21:10:58,101:INFO:                 ray: Not installed
2026-06-20 21:10:58,101:INFO:            hyperopt: Not installed
2026-06-20 21:10:58,101:INFO:              optuna: Not installed
2026-06-20 21:10:58,101:INFO:               skopt: Not installed
2026-06-20 21:10:58,101:INFO:              mlflow: Not installed
2026-06-20 21:10:58,101:INFO:              gradio: 6.18.0
2026-06-20 21:10:58,101:INFO:             fastapi: 0.136.3
2026-06-20 21:10:58,101:INFO:             uvicorn: 0.49.0
2026-06-20 21:10:58,101:INFO:              m2cgen: Not installed
2026-06-20 21:10:58,101:INFO:           evidently: Not installed
2026-06-20 21:10:58,101:INFO:               fugue: Not installed
2026-06-20 21:10:58,101:INFO:           streamlit: Not installed
2026-06-20 21:10:58,101:INFO:             prophet: Not installed
2026-06-20 21:10:58,101:INFO:None
2026-06-20 21:10:58,101:INFO:Set up data.
2026-06-20 21:10:58,103:INFO:Set up folding strategy.
2026-06-20 21:10:58,103:INFO:Set up train/test split.
2026-06-20 21:10:58,104:INFO:Set up index.
2026-06-20 21:10:58,104:INFO:Assigning column types.
2026-06-20 21:10:58,104:INFO:Engine successfully changes for model 'lr' to 'sklearn'.
2026-06-20 21:10:58,104:INFO:Engine for model 'lasso' has not been set explicitly, hence returning None.
2026-06-20 21:10:58,106:INFO:Engine for model 'ridge' has not been set explicitly, hence returning None.
2026-06-20 21:10:58,107:INFO:Engine for model 'en' has not been set explicitly, hence returning None.
2026-06-20 21:10:58,122:INFO:Engine for model 'svm' has not been set explicitly, hence returning None.
2026-06-20 21:10:58,134:INFO:Engine for model 'knn' has not been set explicitly, hence returning None.
2026-06-20 21:10:58,134:WARNING:
'xgboost' is a soft dependency and not included in the pycaret installation. Please run: `pip install xgboost` to install.
Alternately, you can install this by running `pip install pycaret[models]`
2026-06-20 21:10:58,135:WARNING:
'catboost' is a soft dependency and not included in the pycaret installation. Please run: `pip install catboost` to install.
Alternately, you can install this by running `pip install pycaret[models]`
2026-06-20 21:10:58,135:INFO:Engine for model 'lasso' has not been set explicitly, hence returning None.
2026-06-20 21:10:58,136:INFO:Engine for model 'ridge' has not been set explicitly, hence returning None.
2026-06-20 21:10:58,137:INFO:Engine for model 'en' has not been set explicitly, hence returning None.
2026-06-20 21:10:58,152:INFO:Engine for model 'svm' has not been set explicitly, hence returning None.
2026-06-20 21:10:58,164:INFO:Engine for model 'knn' has not been set explicitly, hence returning None.
2026-06-20 21:10:58,164:WARNING:
'xgboost' is a soft dependency and not included in the pycaret installation. Please run: `pip install xgboost` to install.
Alternately, you can install this by running `pip install pycaret[models]`
2026-06-20 21:10:58,164:WARNING:
'catboost' is a soft dependency and not included in the pycaret installation. Please run: `pip install catboost` to install.
Alternately, you can install this by running `pip install pycaret[models]`
2026-06-20 21:10:58,164:INFO:Engine successfully changes for model 'lasso' to 'sklearn'.
2026-06-20 21:10:58,166:INFO:Engine for model 'ridge' has not been set explicitly, hence returning None.
2026-06-20 21:10:58,167:INFO:Engine for model 'en' has not been set explicitly, hence returning None.
2026-06-20 21:10:58,182:INFO:Engine for model 'svm' has not been set explicitly, hence returning None.
2026-06-20 21:10:58,194:INFO:Engine for model 'knn' has not been set explicitly, hence returning None.
2026-06-20 21:10:58,194:WARNING:
'xgboost' is a soft dependency and not included in the pycaret installation. Please run: `pip install xgboost` to install.
Alternately, you can install this by running `pip install pycaret[models]`
2026-06-20 21:10:58,194:WARNING:
'catboost' is a soft dependency and not included in the pycaret installation. Please run: `pip install catboost` to install.
Alternately, you can install this by running `pip install pycaret[models]`
2026-06-20 21:10:58,195:INFO:Engine for model 'ridge' has not been set explicitly, hence returning None.
2026-06-20 21:10:58,196:INFO:Engine for model 'en' has not been set explicitly, hence returning None.
2026-06-20 21:10:58,211:INFO:Engine for model 'svm' has not been set explicitly, hence returning None.
2026-06-20 21:10:58,223:INFO:Engine for model 'knn' has not been set explicitly, hence returning None.
2026-06-20 21:10:58,223:WARNING:
'xgboost' is a soft dependency and not included in the pycaret installation. Please run: `pip install xgboost` to install.
Alternately, you can install this by running `pip install pycaret[models]`
2026-06-20 21:10:58,223:WARNING:
'catboost' is a soft dependency and not included in the pycaret installation. Please run: `pip install catboost` to install.
Alternately, you can install this by running `pip install pycaret[models]`
2026-06-20 21:10:58,223:INFO:Engine successfully changes for model 'ridge' to 'sklearn'.
2026-06-20 21:10:58,226:INFO:Engine for model 'en' has not been set explicitly, hence returning None.
2026-06-20 21:10:58,241:INFO:Engine for model 'svm' has not been set explicitly, hence returning None.
2026-06-20 21:10:58,253:INFO:Engine for model 'knn' has not been set explicitly, hence returning None.
2026-06-20 21:10:58,253:WARNING:
'xgboost' is a soft dependency and not included in the pycaret installation. Please run: `pip install xgboost` to install.
Alternately, you can install this by running `pip install pycaret[models]`
2026-06-20 21:10:58,253:WARNING:
'catboost' is a soft dependency and not included in the pycaret installation. Please run: `pip install catboost` to install.
Alternately, you can install this by running `pip install pycaret[models]`
2026-06-20 21:10:58,256:INFO:Engine for model 'en' has not been set explicitly, hence returning None.
2026-06-20 21:10:58,272:INFO:Engine for model 'svm' has not been set explicitly, hence returning None.
2026-06-20 21:10:58,284:INFO:Engine for model 'knn' has not been set explicitly, hence returning None.
2026-06-20 21:10:58,284:WARNING:
'xgboost' is a soft dependency and not included in the pycaret installation. Please run: `pip install xgboost` to install.
Alternately, you can install this by running `pip install pycaret[models]`
2026-06-20 21:10:58,284:WARNING:
'catboost' is a soft dependency and not included in the pycaret installation. Please run: `pip install catboost` to install.
Alternately, you can install this by running `pip install pycaret[models]`
2026-06-20 21:10:58,285:INFO:Engine successfully changes for model 'en' to 'sklearn'.
2026-06-20 21:10:58,303:INFO:Engine for model 'svm' has not been set explicitly, hence returning None.
2026-06-20 21:10:58,316:INFO:Engine for model 'knn' has not been set explicitly, hence returning None.
2026-06-20 21:10:58,316:WARNING:
'xgboost' is a soft dependency and not included in the pycaret installation. Please run: `pip install xgboost` to install.
Alternately, you can install this by running `pip install pycaret[models]`
2026-06-20 21:10:58,316:WARNING:
'catboost' is a soft dependency and not included in the pycaret installation. Please run: `pip install catboost` to install.
Alternately, you can install this by running `pip install pycaret[models]`
2026-06-20 21:10:58,334:INFO:Engine for model 'svm' has not been set explicitly, hence returning None.
2026-06-20 21:10:58,347:INFO:Engine for model 'knn' has not been set explicitly, hence returning None.
2026-06-20 21:10:58,347:WARNING:
'xgboost' is a soft dependency and not included in the pycaret installation. Please run: `pip install xgboost` to install.
Alternately, you can install this by running `pip install pycaret[models]`
2026-06-20 21:10:58,347:WARNING:
'catboost' is a soft dependency and not included in the pycaret installation. Please run: `pip install catboost` to install.
Alternately, you can install this by running `pip install pycaret[models]`
2026-06-20 21:10:58,347:INFO:Engine successfully changes for model 'knn' to 'sklearn'.
2026-06-20 21:10:58,366:INFO:Engine for model 'svm' has not been set explicitly, hence returning None.
2026-06-20 21:10:58,378:WARNING:
'xgboost' is a soft dependency and not included in the pycaret installation. Please run: `pip install xgboost` to install.
Alternately, you can install this by running `pip install pycaret[models]`
2026-06-20 21:10:58,378:WARNING:
'catboost' is a soft dependency and not included in the pycaret installation. Please run: `pip install catboost` to install.
Alternately, you can install this by running `pip install pycaret[models]`
2026-06-20 21:10:58,396:INFO:Engine for model 'svm' has not been set explicitly, hence returning None.
2026-06-20 21:10:58,408:WARNING:
'xgboost' is a soft dependency and not included in the pycaret installation. Please run: `pip install xgboost` to install.
Alternately, you can install this by running `pip install pycaret[models]`
2026-06-20 21:10:58,408:WARNING:
'catboost' is a soft dependency and not included in the pycaret installation. Please run: `pip install catboost` to install.
Alternately, you can install this by running `pip install pycaret[models]`
2026-06-20 21:10:58,408:INFO:Engine successfully changes for model 'svm' to 'sklearn'.
2026-06-20 21:10:58,439:WARNING:
'xgboost' is a soft dependency and not included in the pycaret installation. Please run: `pip install xgboost` to install.
Alternately, you can install this by running `pip install pycaret[models]`
2026-06-20 21:10:58,439:WARNING:
'catboost' is a soft dependency and not included in the pycaret installation. Please run: `pip install catboost` to install.
Alternately, you can install this by running `pip install pycaret[models]`
2026-06-20 21:10:58,470:WARNING:
'xgboost' is a soft dependency and not included in the pycaret installation. Please run: `pip install xgboost` to install.
Alternately, you can install this by running `pip install pycaret[models]`
2026-06-20 21:10:58,470:WARNING:
'catboost' is a soft dependency and not included in the pycaret installation. Please run: `pip install catboost` to install.
Alternately, you can install this by running `pip install pycaret[models]`
2026-06-20 21:10:58,472:INFO:Preparing preprocessing pipeline...
2026-06-20 21:10:58,472:INFO:Set up simple imputation.
2026-06-20 21:10:58,477:INFO:Finished creating preprocessing pipeline.
2026-06-20 21:10:58,478:INFO:Pipeline: Pipeline(memory=FastMemory(location=/var/folders/px/v7_qzrl907d919ql0sn3f74r0000gn/T/joblib),
         steps=[('numerical_imputer',
                 TransformerWrapper(include=['cement', 'blast_furnace_slag',
                                             'fly_ash', 'water',
                                             'superplasticizer',
                                             'coarse_aggregate',
                                             'fine_aggregate', 'age'],
                                    transformer=SimpleImputer())),
                ('categorical_imputer',
                 TransformerWrapper(include=[],
                                    transformer=SimpleImputer(strategy='most_frequent')))])
2026-06-20 21:10:58,478:INFO:Creating final display dataframe.
2026-06-20 21:10:58,493:INFO:Setup _display_container:                     Description                          Value
0                    Session id                            123
1                        Target  concrete_compressive_strength
2                   Target type                     Regression
3           Original data shape                      (1030, 9)
4        Transformed data shape                      (1030, 9)
5   Transformed train set shape                       (721, 9)
6    Transformed test set shape                       (309, 9)
7              Numeric features                              8
8                    Preprocess                           True
9               Imputation type                         simple
10           Numeric imputation                           mean
11       Categorical imputation                           mode
12               Fold Generator                          KFold
13                  Fold Number                             10
14                     CPU Jobs                             -1
15                      Use GPU                          False
16               Log Experiment                          False
17              Experiment Name               reg-default-name
18                          USI                           4a44
2026-06-20 21:10:58,526:WARNING:
'xgboost' is a soft dependency and not included in the pycaret installation. Please run: `pip install xgboost` to install.
Alternately, you can install this by running `pip install pycaret[models]`
2026-06-20 21:10:58,527:WARNING:
'catboost' is a soft dependency and not included in the pycaret installation. Please run: `pip install catboost` to install.
Alternately, you can install this by running `pip install pycaret[models]`
2026-06-20 21:10:58,556:WARNING:
'xgboost' is a soft dependency and not included in the pycaret installation. Please run: `pip install xgboost` to install.
Alternately, you can install this by running `pip install pycaret[models]`
2026-06-20 21:10:58,556:WARNING:
'catboost' is a soft dependency and not included in the pycaret installation. Please run: `pip install catboost` to install.
Alternately, you can install this by running `pip install pycaret[models]`
2026-06-20 21:10:58,556:INFO:setup() successfully completed in 1.33s...............
2026-06-20 21:10:58,556:INFO:Initializing compare_models()
2026-06-20 21:10:58,556:INFO:compare_models(self=<pycaret.regression.oop.RegressionExperiment object at 0x1099bf990>, include=None, exclude=None, fold=None, round=4, cross_validation=True, sort=R2, n_select=1, budget_time=None, turbo=True, errors=ignore, fit_kwargs=None, groups=None, experiment_custom_tags=None, probability_threshold=None, verbose=True, parallel=None, caller_params={'self': <pycaret.regression.oop.RegressionExperiment object at 0x1099bf990>, 'include': None, 'exclude': None, 'fold': None, 'round': 4, 'cross_validation': True, 'sort': 'R2', 'n_select': 1, 'budget_time': None, 'turbo': True, 'errors': 'ignore', 'fit_kwargs': None, 'groups': None, 'experiment_custom_tags': None, 'engine': None, 'verbose': True, 'parallel': None, '__class__': <class 'pycaret.regression.oop.RegressionExperiment'>})
2026-06-20 21:10:58,556:INFO:Checking exceptions
2026-06-20 21:10:58,557:INFO:Preparing display monitor
2026-06-20 21:10:58,583:INFO:Initializing Linear Regression
2026-06-20 21:10:58,584:INFO:Total runtime is 4.251797993977864e-06 minutes
2026-06-20 21:10:58,585:INFO:SubProcess create_model() called ==================================
2026-06-20 21:10:58,586:INFO:Initializing create_model()
2026-06-20 21:10:58,586:INFO:create_model(self=<pycaret.regression.oop.RegressionExperiment object at 0x1099bf990>, estimator=lr, fold=KFold(n_splits=10, random_state=None, shuffle=False), round=4, cross_validation=True, predict=True, fit_kwargs={}, groups=None, refit=False, probability_threshold=None, experiment_custom_tags=None, verbose=False, system=False, add_to_model_list=True, metrics=None, display=<pycaret.internal.display.display.CommonDisplay object at 0x31e7ccf90>, model_only=True, return_train_score=False, error_score=0.0, kwargs={})
2026-06-20 21:10:58,586:INFO:Checking exceptions
2026-06-20 21:10:58,586:INFO:Importing libraries
2026-06-20 21:10:58,586:INFO:Copying training dataset
2026-06-20 21:10:58,588:INFO:Defining folds
2026-06-20 21:10:58,588:INFO:Declaring metric variables
2026-06-20 21:10:58,589:INFO:Importing untrained model
2026-06-20 21:10:58,590:INFO:Linear Regression Imported successfully
2026-06-20 21:10:58,591:INFO:Starting cross validation
2026-06-20 21:10:58,595:INFO:Cross validating with KFold(n_splits=10, random_state=None, shuffle=False), n_jobs=-1
2026-06-20 21:11:00,999:WARNING:/Users/junhwi/anaconda3/envs/Sampyo/lib/python3.11/site-packages/_distutils_hack/__init__.py:30: UserWarning: Setuptools is replacing distutils. Support for replacing an already imported distutils is deprecated. In the future, this condition will fail. Register concerns at https://github.com/pypa/setuptools/issues/new?template=distutils-deprecation.yml
  warnings.warn(

2026-06-20 21:11:01,011:WARNING:/Users/junhwi/anaconda3/envs/Sampyo/lib/python3.11/site-packages/_distutils_hack/__init__.py:30: UserWarning: Setuptools is replacing distutils. Support for replacing an already imported distutils is deprecated. In the future, this condition will fail. Register concerns at https://github.com/pypa/setuptools/issues/new?template=distutils-deprecation.yml
  warnings.warn(

2026-06-20 21:11:01,012:WARNING:/Users/junhwi/anaconda3/envs/Sampyo/lib/python3.11/site-packages/_distutils_hack/__init__.py:30: UserWarning: Setuptools is replacing distutils. Support for replacing an already imported distutils is deprecated. In the future, this condition will fail. Register concerns at https://github.com/pypa/setuptools/issues/new?template=distutils-deprecation.yml
  warnings.warn(

2026-06-20 21:11:01,017:WARNING:/Users/junhwi/anaconda3/envs/Sampyo/lib/python3.11/site-packages/_distutils_hack/__init__.py:30: UserWarning: Setuptools is replacing distutils. Support for replacing an already imported distutils is deprecated. In the future, this condition will fail. Register concerns at https://github.com/pypa/setuptools/issues/new?template=distutils-deprecation.yml
  warnings.warn(

2026-06-20 21:11:01,023:WARNING:/Users/junhwi/anaconda3/envs/Sampyo/lib/python3.11/site-packages/_distutils_hack/__init__.py:30: UserWarning: Setuptools is replacing distutils. Support for replacing an already imported distutils is deprecated. In the future, this condition will fail. Register concerns at https://github.com/pypa/setuptools/issues/new?template=distutils-deprecation.yml
  warnings.warn(

2026-06-20 21:11:01,035:WARNING:/Users/junhwi/anaconda3/envs/Sampyo/lib/python3.11/site-packages/_distutils_hack/__init__.py:30: UserWarning: Setuptools is replacing distutils. Support for replacing an already imported distutils is deprecated. In the future, this condition will fail. Register concerns at https://github.com/pypa/setuptools/issues/new?template=distutils-deprecation.yml
  warnings.warn(

2026-06-20 21:11:01,040:WARNING:/Users/junhwi/anaconda3/envs/Sampyo/lib/python3.11/site-packages/_distutils_hack/__init__.py:30: UserWarning: Setuptools is replacing distutils. Support for replacing an already imported distutils is deprecated. In the future, this condition will fail. Register concerns at https://github.com/pypa/setuptools/issues/new?template=distutils-deprecation.yml
  warnings.warn(

2026-06-20 21:11:01,096:WARNING:/Users/junhwi/anaconda3/envs/Sampyo/lib/python3.11/site-packages/_distutils_hack/__init__.py:30: UserWarning: Setuptools is replacing distutils. Support for replacing an already imported distutils is deprecated. In the future, this condition will fail. Register concerns at https://github.com/pypa/setuptools/issues/new?template=distutils-deprecation.yml
  warnings.warn(

2026-06-20 21:11:01,136:WARNING:/Users/junhwi/anaconda3/envs/Sampyo/lib/python3.11/site-packages/_distutils_hack/__init__.py:30: UserWarning: Setuptools is replacing distutils. Support for replacing an already imported distutils is deprecated. In the future, this condition will fail. Register concerns at https://github.com/pypa/setuptools/issues/new?template=distutils-deprecation.yml
  warnings.warn(

2026-06-20 21:11:01,146:WARNING:/Users/junhwi/anaconda3/envs/Sampyo/lib/python3.11/site-packages/_distutils_hack/__init__.py:30: UserWarning: Setuptools is replacing distutils. Support for replacing an already imported distutils is deprecated. In the future, this condition will fail. Register concerns at https://github.com/pypa/setuptools/issues/new?template=distutils-deprecation.yml
  warnings.warn(

2026-06-20 21:11:01,203:INFO:Calculating mean and std
2026-06-20 21:11:01,204:INFO:Creating metrics dataframe
2026-06-20 21:11:01,206:INFO:Uploading results into container
2026-06-20 21:11:01,206:INFO:Uploading model into container now
2026-06-20 21:11:01,207:INFO:_master_model_container: 1
2026-06-20 21:11:01,207:INFO:_display_container: 2
2026-06-20 21:11:01,208:INFO:LinearRegression(n_jobs=-1)
2026-06-20 21:11:01,208:INFO:create_model() successfully completed......................................
2026-06-20 21:11:01,259:INFO:SubProcess create_model() end ==================================
2026-06-20 21:11:01,259:INFO:Creating metrics dataframe
2026-06-20 21:11:01,262:INFO:Initializing Lasso Regression
2026-06-20 21:11:01,262:INFO:Total runtime is 0.04463783502578736 minutes
2026-06-20 21:11:01,263:INFO:SubProcess create_model() called ==================================
2026-06-20 21:11:01,263:INFO:Initializing create_model()
2026-06-20 21:11:01,263:INFO:create_model(self=<pycaret.regression.oop.RegressionExperiment object at 0x1099bf990>, estimator=lasso, fold=KFold(n_splits=10, random_state=None, shuffle=False), round=4, cross_validation=True, predict=True, fit_kwargs={}, groups=None, refit=False, probability_threshold=None, experiment_custom_tags=None, verbose=False, system=False, add_to_model_list=True, metrics=None, display=<pycaret.internal.display.display.CommonDisplay object at 0x31e7ccf90>, model_only=True, return_train_score=False, error_score=0.0, kwargs={})
2026-06-20 21:11:01,263:INFO:Checking exceptions
2026-06-20 21:11:01,263:INFO:Importing libraries
2026-06-20 21:11:01,263:INFO:Copying training dataset
2026-06-20 21:11:01,264:INFO:Defining folds
2026-06-20 21:11:01,264:INFO:Declaring metric variables
2026-06-20 21:11:01,265:INFO:Importing untrained model
2026-06-20 21:11:01,266:INFO:Lasso Regression Imported successfully
2026-06-20 21:11:01,268:INFO:Starting cross validation
2026-06-20 21:11:01,268:INFO:Cross validating with KFold(n_splits=10, random_state=None, shuffle=False), n_jobs=-1
2026-06-20 21:11:01,295:INFO:Calculating mean and std
2026-06-20 21:11:01,295:INFO:Creating metrics dataframe
2026-06-20 21:11:01,296:INFO:Uploading results into container
2026-06-20 21:11:01,296:INFO:Uploading model into container now
2026-06-20 21:11:01,296:INFO:_master_model_container: 2
2026-06-20 21:11:01,296:INFO:_display_container: 2
2026-06-20 21:11:01,296:INFO:Lasso(random_state=123)
2026-06-20 21:11:01,296:INFO:create_model() successfully completed......................................
2026-06-20 21:11:01,339:INFO:SubProcess create_model() end ==================================
2026-06-20 21:11:01,339:INFO:Creating metrics dataframe
2026-06-20 21:11:01,341:INFO:Initializing Ridge Regression
2026-06-20 21:11:01,341:INFO:Total runtime is 0.04596769809722901 minutes
2026-06-20 21:11:01,342:INFO:SubProcess create_model() called ==================================
2026-06-20 21:11:01,343:INFO:Initializing create_model()
2026-06-20 21:11:01,343:INFO:create_model(self=<pycaret.regression.oop.RegressionExperiment object at 0x1099bf990>, estimator=ridge, fold=KFold(n_splits=10, random_state=None, shuffle=False), round=4, cross_validation=True, predict=True, fit_kwargs={}, groups=None, refit=False, probability_threshold=None, experiment_custom_tags=None, verbose=False, system=False, add_to_model_list=True, metrics=None, display=<pycaret.internal.display.display.CommonDisplay object at 0x31e7ccf90>, model_only=True, return_train_score=False, error_score=0.0, kwargs={})
2026-06-20 21:11:01,343:INFO:Checking exceptions
2026-06-20 21:11:01,343:INFO:Importing libraries
2026-06-20 21:11:01,343:INFO:Copying training dataset
2026-06-20 21:11:01,344:INFO:Defining folds
2026-06-20 21:11:01,344:INFO:Declaring metric variables
2026-06-20 21:11:01,345:INFO:Importing untrained model
2026-06-20 21:11:01,347:INFO:Ridge Regression Imported successfully
2026-06-20 21:11:01,348:INFO:Starting cross validation
2026-06-20 21:11:01,349:INFO:Cross validating with KFold(n_splits=10, random_state=None, shuffle=False), n_jobs=-1
2026-06-20 21:11:01,377:INFO:Calculating mean and std
2026-06-20 21:11:01,377:INFO:Creating metrics dataframe
2026-06-20 21:11:01,377:INFO:Uploading results into container
2026-06-20 21:11:01,377:INFO:Uploading model into container now
2026-06-20 21:11:01,378:INFO:_master_model_container: 3
2026-06-20 21:11:01,378:INFO:_display_container: 2
2026-06-20 21:11:01,378:INFO:Ridge(random_state=123)
2026-06-20 21:11:01,378:INFO:create_model() successfully completed......................................
2026-06-20 21:11:01,420:INFO:SubProcess create_model() end ==================================
2026-06-20 21:11:01,420:INFO:Creating metrics dataframe
2026-06-20 21:11:01,422:INFO:Initializing Elastic Net
2026-06-20 21:11:01,423:INFO:Total runtime is 0.0473187804222107 minutes
2026-06-20 21:11:01,424:INFO:SubProcess create_model() called ==================================
2026-06-20 21:11:01,424:INFO:Initializing create_model()
2026-06-20 21:11:01,424:INFO:create_model(self=<pycaret.regression.oop.RegressionExperiment object at 0x1099bf990>, estimator=en, fold=KFold(n_splits=10, random_state=None, shuffle=False), round=4, cross_validation=True, predict=True, fit_kwargs={}, groups=None, refit=False, probability_threshold=None, experiment_custom_tags=None, verbose=False, system=False, add_to_model_list=True, metrics=None, display=<pycaret.internal.display.display.CommonDisplay object at 0x31e7ccf90>, model_only=True, return_train_score=False, error_score=0.0, kwargs={})
2026-06-20 21:11:01,424:INFO:Checking exceptions
2026-06-20 21:11:01,424:INFO:Importing libraries
2026-06-20 21:11:01,424:INFO:Copying training dataset
2026-06-20 21:11:01,425:INFO:Defining folds
2026-06-20 21:11:01,425:INFO:Declaring metric variables
2026-06-20 21:11:01,426:INFO:Importing untrained model
2026-06-20 21:11:01,427:INFO:Elastic Net Imported successfully
2026-06-20 21:11:01,428:INFO:Starting cross validation
2026-06-20 21:11:01,429:INFO:Cross validating with KFold(n_splits=10, random_state=None, shuffle=False), n_jobs=-1
2026-06-20 21:11:01,456:INFO:Calculating mean and std
2026-06-20 21:11:01,456:INFO:Creating metrics dataframe
2026-06-20 21:11:01,457:INFO:Uploading results into container
2026-06-20 21:11:01,457:INFO:Uploading model into container now
2026-06-20 21:11:01,457:INFO:_master_model_container: 4
2026-06-20 21:11:01,457:INFO:_display_container: 2
2026-06-20 21:11:01,457:INFO:ElasticNet(random_state=123)
2026-06-20 21:11:01,457:INFO:create_model() successfully completed......................................
2026-06-20 21:11:01,498:INFO:SubProcess create_model() end ==================================
2026-06-20 21:11:01,498:INFO:Creating metrics dataframe
2026-06-20 21:11:01,501:INFO:Initializing Least Angle Regression
2026-06-20 21:11:01,501:INFO:Total runtime is 0.04862860043843588 minutes
2026-06-20 21:11:01,502:INFO:SubProcess create_model() called ==================================
2026-06-20 21:11:01,502:INFO:Initializing create_model()
2026-06-20 21:11:01,502:INFO:create_model(self=<pycaret.regression.oop.RegressionExperiment object at 0x1099bf990>, estimator=lar, fold=KFold(n_splits=10, random_state=None, shuffle=False), round=4, cross_validation=True, predict=True, fit_kwargs={}, groups=None, refit=False, probability_threshold=None, experiment_custom_tags=None, verbose=False, system=False, add_to_model_list=True, metrics=None, display=<pycaret.internal.display.display.CommonDisplay object at 0x31e7ccf90>, model_only=True, return_train_score=False, error_score=0.0, kwargs={})
2026-06-20 21:11:01,502:INFO:Checking exceptions
2026-06-20 21:11:01,502:INFO:Importing libraries
2026-06-20 21:11:01,502:INFO:Copying training dataset
2026-06-20 21:11:01,504:INFO:Defining folds
2026-06-20 21:11:01,504:INFO:Declaring metric variables
2026-06-20 21:11:01,504:INFO:Importing untrained model
2026-06-20 21:11:01,505:INFO:Least Angle Regression Imported successfully
2026-06-20 21:11:01,507:INFO:Starting cross validation
2026-06-20 21:11:01,507:INFO:Cross validating with KFold(n_splits=10, random_state=None, shuffle=False), n_jobs=-1
2026-06-20 21:11:01,537:INFO:Calculating mean and std
2026-06-20 21:11:01,537:INFO:Creating metrics dataframe
2026-06-20 21:11:01,537:INFO:Uploading results into container
2026-06-20 21:11:01,537:INFO:Uploading model into container now
2026-06-20 21:11:01,538:INFO:_master_model_container: 5
2026-06-20 21:11:01,538:INFO:_display_container: 2
2026-06-20 21:11:01,538:INFO:Lars(random_state=123)
2026-06-20 21:11:01,538:INFO:create_model() successfully completed......................................
2026-06-20 21:11:01,579:INFO:SubProcess create_model() end ==================================
2026-06-20 21:11:01,579:INFO:Creating metrics dataframe
2026-06-20 21:11:01,581:INFO:Initializing Lasso Least Angle Regression
2026-06-20 21:11:01,581:INFO:Total runtime is 0.04995918273925782 minutes
2026-06-20 21:11:01,582:INFO:SubProcess create_model() called ==================================
2026-06-20 21:11:01,582:INFO:Initializing create_model()
2026-06-20 21:11:01,582:INFO:create_model(self=<pycaret.regression.oop.RegressionExperiment object at 0x1099bf990>, estimator=llar, fold=KFold(n_splits=10, random_state=None, shuffle=False), round=4, cross_validation=True, predict=True, fit_kwargs={}, groups=None, refit=False, probability_threshold=None, experiment_custom_tags=None, verbose=False, system=False, add_to_model_list=True, metrics=None, display=<pycaret.internal.display.display.CommonDisplay object at 0x31e7ccf90>, model_only=True, return_train_score=False, error_score=0.0, kwargs={})
2026-06-20 21:11:01,582:INFO:Checking exceptions
2026-06-20 21:11:01,582:INFO:Importing libraries
2026-06-20 21:11:01,582:INFO:Copying training dataset
2026-06-20 21:11:01,584:INFO:Defining folds
2026-06-20 21:11:01,584:INFO:Declaring metric variables
2026-06-20 21:11:01,584:INFO:Importing untrained model
2026-06-20 21:11:01,586:INFO:Lasso Least Angle Regression Imported successfully
2026-06-20 21:11:01,587:INFO:Starting cross validation
2026-06-20 21:11:01,587:INFO:Cross validating with KFold(n_splits=10, random_state=None, shuffle=False), n_jobs=-1
2026-06-20 21:11:01,616:INFO:Calculating mean and std
2026-06-20 21:11:01,616:INFO:Creating metrics dataframe
2026-06-20 21:11:01,616:INFO:Uploading results into container
2026-06-20 21:11:01,617:INFO:Uploading model into container now
2026-06-20 21:11:01,617:INFO:_master_model_container: 6
2026-06-20 21:11:01,617:INFO:_display_container: 2
2026-06-20 21:11:01,617:INFO:LassoLars(random_state=123)
2026-06-20 21:11:01,617:INFO:create_model() successfully completed......................................
2026-06-20 21:11:01,658:INFO:SubProcess create_model() end ==================================
2026-06-20 21:11:01,658:INFO:Creating metrics dataframe
2026-06-20 21:11:01,660:INFO:Initializing Orthogonal Matching Pursuit
2026-06-20 21:11:01,660:INFO:Total runtime is 0.05127399762471518 minutes
2026-06-20 21:11:01,661:INFO:SubProcess create_model() called ==================================
2026-06-20 21:11:01,661:INFO:Initializing create_model()
2026-06-20 21:11:01,661:INFO:create_model(self=<pycaret.regression.oop.RegressionExperiment object at 0x1099bf990>, estimator=omp, fold=KFold(n_splits=10, random_state=None, shuffle=False), round=4, cross_validation=True, predict=True, fit_kwargs={}, groups=None, refit=False, probability_threshold=None, experiment_custom_tags=None, verbose=False, system=False, add_to_model_list=True, metrics=None, display=<pycaret.internal.display.display.CommonDisplay object at 0x31e7ccf90>, model_only=True, return_train_score=False, error_score=0.0, kwargs={})
2026-06-20 21:11:01,661:INFO:Checking exceptions
2026-06-20 21:11:01,661:INFO:Importing libraries
2026-06-20 21:11:01,661:INFO:Copying training dataset
2026-06-20 21:11:01,663:INFO:Defining folds
2026-06-20 21:11:01,663:INFO:Declaring metric variables
2026-06-20 21:11:01,663:INFO:Importing untrained model
2026-06-20 21:11:01,664:INFO:Orthogonal Matching Pursuit Imported successfully
2026-06-20 21:11:01,666:INFO:Starting cross validation
2026-06-20 21:11:01,666:INFO:Cross validating with KFold(n_splits=10, random_state=None, shuffle=False), n_jobs=-1
2026-06-20 21:11:01,694:INFO:Calculating mean and std
2026-06-20 21:11:01,694:INFO:Creating metrics dataframe
2026-06-20 21:11:01,695:INFO:Uploading results into container
2026-06-20 21:11:01,695:INFO:Uploading model into container now
2026-06-20 21:11:01,695:INFO:_master_model_container: 7
2026-06-20 21:11:01,695:INFO:_display_container: 2
2026-06-20 21:11:01,695:INFO:OrthogonalMatchingPursuit()
2026-06-20 21:11:01,695:INFO:create_model() successfully completed......................................
2026-06-20 21:11:01,740:INFO:SubProcess create_model() end ==================================
2026-06-20 21:11:01,740:INFO:Creating metrics dataframe
2026-06-20 21:11:01,742:INFO:Initializing Bayesian Ridge
2026-06-20 21:11:01,742:INFO:Total runtime is 0.052641884485880544 minutes
2026-06-20 21:11:01,743:INFO:SubProcess create_model() called ==================================
2026-06-20 21:11:01,743:INFO:Initializing create_model()
2026-06-20 21:11:01,743:INFO:create_model(self=<pycaret.regression.oop.RegressionExperiment object at 0x1099bf990>, estimator=br, fold=KFold(n_splits=10, random_state=None, shuffle=False), round=4, cross_validation=True, predict=True, fit_kwargs={}, groups=None, refit=False, probability_threshold=None, experiment_custom_tags=None, verbose=False, system=False, add_to_model_list=True, metrics=None, display=<pycaret.internal.display.display.CommonDisplay object at 0x31e7ccf90>, model_only=True, return_train_score=False, error_score=0.0, kwargs={})
2026-06-20 21:11:01,743:INFO:Checking exceptions
2026-06-20 21:11:01,743:INFO:Importing libraries
2026-06-20 21:11:01,743:INFO:Copying training dataset
2026-06-20 21:11:01,745:INFO:Defining folds
2026-06-20 21:11:01,745:INFO:Declaring metric variables
2026-06-20 21:11:01,746:INFO:Importing untrained model
2026-06-20 21:11:01,747:INFO:Bayesian Ridge Imported successfully
2026-06-20 21:11:01,749:INFO:Starting cross validation
2026-06-20 21:11:01,749:INFO:Cross validating with KFold(n_splits=10, random_state=None, shuffle=False), n_jobs=-1
2026-06-20 21:11:01,776:INFO:Calculating mean and std
2026-06-20 21:11:01,776:INFO:Creating metrics dataframe
2026-06-20 21:11:01,777:INFO:Uploading results into container
2026-06-20 21:11:01,777:INFO:Uploading model into container now
2026-06-20 21:11:01,777:INFO:_master_model_container: 8
2026-06-20 21:11:01,777:INFO:_display_container: 2
2026-06-20 21:11:01,777:INFO:BayesianRidge()
2026-06-20 21:11:01,777:INFO:create_model() successfully completed......................................
2026-06-20 21:11:01,824:INFO:SubProcess create_model() end ==================================
2026-06-20 21:11:01,825:INFO:Creating metrics dataframe
2026-06-20 21:11:01,827:INFO:Initializing Passive Aggressive Regressor
2026-06-20 21:11:01,827:INFO:Total runtime is 0.0540615479151408 minutes
2026-06-20 21:11:01,828:INFO:SubProcess create_model() called ==================================
2026-06-20 21:11:01,829:INFO:Initializing create_model()
2026-06-20 21:11:01,829:INFO:create_model(self=<pycaret.regression.oop.RegressionExperiment object at 0x1099bf990>, estimator=par, fold=KFold(n_splits=10, random_state=None, shuffle=False), round=4, cross_validation=True, predict=True, fit_kwargs={}, groups=None, refit=False, probability_threshold=None, experiment_custom_tags=None, verbose=False, system=False, add_to_model_list=True, metrics=None, display=<pycaret.internal.display.display.CommonDisplay object at 0x31e7ccf90>, model_only=True, return_train_score=False, error_score=0.0, kwargs={})
2026-06-20 21:11:01,829:INFO:Checking exceptions
2026-06-20 21:11:01,829:INFO:Importing libraries
2026-06-20 21:11:01,829:INFO:Copying training dataset
2026-06-20 21:11:01,830:INFO:Defining folds
2026-06-20 21:11:01,830:INFO:Declaring metric variables
2026-06-20 21:11:01,831:INFO:Importing untrained model
2026-06-20 21:11:01,832:INFO:Passive Aggressive Regressor Imported successfully
2026-06-20 21:11:01,834:INFO:Starting cross validation
2026-06-20 21:11:01,834:INFO:Cross validating with KFold(n_splits=10, random_state=None, shuffle=False), n_jobs=-1
2026-06-20 21:11:01,862:INFO:Calculating mean and std
2026-06-20 21:11:01,862:INFO:Creating metrics dataframe
2026-06-20 21:11:01,863:INFO:Uploading results into container
2026-06-20 21:11:01,863:INFO:Uploading model into container now
2026-06-20 21:11:01,863:INFO:_master_model_container: 9
2026-06-20 21:11:01,863:INFO:_display_container: 2
2026-06-20 21:11:01,863:INFO:PassiveAggressiveRegressor(random_state=123)
2026-06-20 21:11:01,863:INFO:create_model() successfully completed......................................
2026-06-20 21:11:01,908:INFO:SubProcess create_model() end ==================================
2026-06-20 21:11:01,908:INFO:Creating metrics dataframe
2026-06-20 21:11:01,911:INFO:Initializing Huber Regressor
2026-06-20 21:11:01,911:INFO:Total runtime is 0.055453217029571546 minutes
2026-06-20 21:11:01,912:INFO:SubProcess create_model() called ==================================
2026-06-20 21:11:01,912:INFO:Initializing create_model()
2026-06-20 21:11:01,912:INFO:create_model(self=<pycaret.regression.oop.RegressionExperiment object at 0x1099bf990>, estimator=huber, fold=KFold(n_splits=10, random_state=None, shuffle=False), round=4, cross_validation=True, predict=True, fit_kwargs={}, groups=None, refit=False, probability_threshold=None, experiment_custom_tags=None, verbose=False, system=False, add_to_model_list=True, metrics=None, display=<pycaret.internal.display.display.CommonDisplay object at 0x31e7ccf90>, model_only=True, return_train_score=False, error_score=0.0, kwargs={})
2026-06-20 21:11:01,912:INFO:Checking exceptions
2026-06-20 21:11:01,912:INFO:Importing libraries
2026-06-20 21:11:01,912:INFO:Copying training dataset
2026-06-20 21:11:01,913:INFO:Defining folds
2026-06-20 21:11:01,913:INFO:Declaring metric variables
2026-06-20 21:11:01,914:INFO:Importing untrained model
2026-06-20 21:11:01,915:INFO:Huber Regressor Imported successfully
2026-06-20 21:11:01,916:INFO:Starting cross validation
2026-06-20 21:11:01,917:INFO:Cross validating with KFold(n_splits=10, random_state=None, shuffle=False), n_jobs=-1
2026-06-20 21:11:01,931:WARNING:/Users/junhwi/anaconda3/envs/Sampyo/lib/python3.11/site-packages/sklearn/linear_model/_huber.py:342: ConvergenceWarning: lbfgs failed to converge (status=1):
STOP: TOTAL NO. of ITERATIONS REACHED LIMIT.

Increase the number of iterations (max_iter) or scale the data as shown in:
    https://scikit-learn.org/stable/modules/preprocessing.html
  self.n_iter_ = _check_optimize_result("lbfgs", opt_res, self.max_iter)

2026-06-20 21:11:01,937:WARNING:/Users/junhwi/anaconda3/envs/Sampyo/lib/python3.11/site-packages/sklearn/linear_model/_huber.py:342: ConvergenceWarning: lbfgs failed to converge (status=1):
STOP: TOTAL NO. of ITERATIONS REACHED LIMIT.

Increase the number of iterations (max_iter) or scale the data as shown in:
    https://scikit-learn.org/stable/modules/preprocessing.html
  self.n_iter_ = _check_optimize_result("lbfgs", opt_res, self.max_iter)

2026-06-20 21:11:01,939:WARNING:/Users/junhwi/anaconda3/envs/Sampyo/lib/python3.11/site-packages/sklearn/linear_model/_huber.py:342: ConvergenceWarning: lbfgs failed to converge (status=1):
STOP: TOTAL NO. of ITERATIONS REACHED LIMIT.

Increase the number of iterations (max_iter) or scale the data as shown in:
    https://scikit-learn.org/stable/modules/preprocessing.html
  self.n_iter_ = _check_optimize_result("lbfgs", opt_res, self.max_iter)

2026-06-20 21:11:01,941:WARNING:/Users/junhwi/anaconda3/envs/Sampyo/lib/python3.11/site-packages/sklearn/linear_model/_huber.py:342: ConvergenceWarning: lbfgs failed to converge (status=1):
STOP: TOTAL NO. of ITERATIONS REACHED LIMIT.

Increase the number of iterations (max_iter) or scale the data as shown in:
    https://scikit-learn.org/stable/modules/preprocessing.html
  self.n_iter_ = _check_optimize_result("lbfgs", opt_res, self.max_iter)

2026-06-20 21:11:01,942:WARNING:/Users/junhwi/anaconda3/envs/Sampyo/lib/python3.11/site-packages/sklearn/linear_model/_huber.py:342: ConvergenceWarning: lbfgs failed to converge (status=1):
STOP: TOTAL NO. of ITERATIONS REACHED LIMIT.

Increase the number of iterations (max_iter) or scale the data as shown in:
    https://scikit-learn.org/stable/modules/preprocessing.html
  self.n_iter_ = _check_optimize_result("lbfgs", opt_res, self.max_iter)

2026-06-20 21:11:01,944:WARNING:/Users/junhwi/anaconda3/envs/Sampyo/lib/python3.11/site-packages/sklearn/linear_model/_huber.py:342: ConvergenceWarning: lbfgs failed to converge (status=1):
STOP: TOTAL NO. of ITERATIONS REACHED LIMIT.

Increase the number of iterations (max_iter) or scale the data as shown in:
    https://scikit-learn.org/stable/modules/preprocessing.html
  self.n_iter_ = _check_optimize_result("lbfgs", opt_res, self.max_iter)

2026-06-20 21:11:01,950:WARNING:/Users/junhwi/anaconda3/envs/Sampyo/lib/python3.11/site-packages/sklearn/linear_model/_huber.py:342: ConvergenceWarning: lbfgs failed to converge (status=1):
STOP: TOTAL NO. of ITERATIONS REACHED LIMIT.

Increase the number of iterations (max_iter) or scale the data as shown in:
    https://scikit-learn.org/stable/modules/preprocessing.html
  self.n_iter_ = _check_optimize_result("lbfgs", opt_res, self.max_iter)

2026-06-20 21:11:01,950:WARNING:/Users/junhwi/anaconda3/envs/Sampyo/lib/python3.11/site-packages/sklearn/linear_model/_huber.py:342: ConvergenceWarning: lbfgs failed to converge (status=1):
STOP: TOTAL NO. of ITERATIONS REACHED LIMIT.

Increase the number of iterations (max_iter) or scale the data as shown in:
    https://scikit-learn.org/stable/modules/preprocessing.html
  self.n_iter_ = _check_optimize_result("lbfgs", opt_res, self.max_iter)

2026-06-20 21:11:01,952:WARNING:/Users/junhwi/anaconda3/envs/Sampyo/lib/python3.11/site-packages/sklearn/linear_model/_huber.py:342: ConvergenceWarning: lbfgs failed to converge (status=1):
STOP: TOTAL NO. of ITERATIONS REACHED LIMIT.

Increase the number of iterations (max_iter) or scale the data as shown in:
    https://scikit-learn.org/stable/modules/preprocessing.html
  self.n_iter_ = _check_optimize_result("lbfgs", opt_res, self.max_iter)

2026-06-20 21:11:01,953:WARNING:/Users/junhwi/anaconda3/envs/Sampyo/lib/python3.11/site-packages/sklearn/linear_model/_huber.py:342: ConvergenceWarning: lbfgs failed to converge (status=1):
STOP: TOTAL NO. of ITERATIONS REACHED LIMIT.

Increase the number of iterations (max_iter) or scale the data as shown in:
    https://scikit-learn.org/stable/modules/preprocessing.html
  self.n_iter_ = _check_optimize_result("lbfgs", opt_res, self.max_iter)

2026-06-20 21:11:01,966:INFO:Calculating mean and std
2026-06-20 21:11:01,966:INFO:Creating metrics dataframe
2026-06-20 21:11:01,967:INFO:Uploading results into container
2026-06-20 21:11:01,967:INFO:Uploading model into container now
2026-06-20 21:11:01,967:INFO:_master_model_container: 10
2026-06-20 21:11:01,967:INFO:_display_container: 2
2026-06-20 21:11:01,967:INFO:HuberRegressor()
2026-06-20 21:11:01,967:INFO:create_model() successfully completed......................................
2026-06-20 21:11:02,011:INFO:SubProcess create_model() end ==================================
2026-06-20 21:11:02,011:INFO:Creating metrics dataframe
2026-06-20 21:11:02,014:INFO:Initializing K Neighbors Regressor
2026-06-20 21:11:02,014:INFO:Total runtime is 0.05717974901199342 minutes
2026-06-20 21:11:02,015:INFO:SubProcess create_model() called ==================================
2026-06-20 21:11:02,015:INFO:Initializing create_model()
2026-06-20 21:11:02,015:INFO:create_model(self=<pycaret.regression.oop.RegressionExperiment object at 0x1099bf990>, estimator=knn, fold=KFold(n_splits=10, random_state=None, shuffle=False), round=4, cross_validation=True, predict=True, fit_kwargs={}, groups=None, refit=False, probability_threshold=None, experiment_custom_tags=None, verbose=False, system=False, add_to_model_list=True, metrics=None, display=<pycaret.internal.display.display.CommonDisplay object at 0x31e7ccf90>, model_only=True, return_train_score=False, error_score=0.0, kwargs={})
2026-06-20 21:11:02,015:INFO:Checking exceptions
2026-06-20 21:11:02,015:INFO:Importing libraries
2026-06-20 21:11:02,015:INFO:Copying training dataset
2026-06-20 21:11:02,017:INFO:Defining folds
2026-06-20 21:11:02,017:INFO:Declaring metric variables
2026-06-20 21:11:02,018:INFO:Importing untrained model
2026-06-20 21:11:02,018:INFO:K Neighbors Regressor Imported successfully
2026-06-20 21:11:02,020:INFO:Starting cross validation
2026-06-20 21:11:02,021:INFO:Cross validating with KFold(n_splits=10, random_state=None, shuffle=False), n_jobs=-1
2026-06-20 21:11:02,071:INFO:Calculating mean and std
2026-06-20 21:11:02,072:INFO:Creating metrics dataframe
2026-06-20 21:11:02,072:INFO:Uploading results into container
2026-06-20 21:11:02,073:INFO:Uploading model into container now
2026-06-20 21:11:02,073:INFO:_master_model_container: 11
2026-06-20 21:11:02,073:INFO:_display_container: 2
2026-06-20 21:11:02,073:INFO:KNeighborsRegressor(n_jobs=-1)
2026-06-20 21:11:02,073:INFO:create_model() successfully completed......................................
2026-06-20 21:11:02,117:INFO:SubProcess create_model() end ==================================
2026-06-20 21:11:02,117:INFO:Creating metrics dataframe
2026-06-20 21:11:02,121:INFO:Initializing Decision Tree Regressor
2026-06-20 21:11:02,121:INFO:Total runtime is 0.05895340045293174 minutes
2026-06-20 21:11:02,122:INFO:SubProcess create_model() called ==================================
2026-06-20 21:11:02,122:INFO:Initializing create_model()
2026-06-20 21:11:02,122:INFO:create_model(self=<pycaret.regression.oop.RegressionExperiment object at 0x1099bf990>, estimator=dt, fold=KFold(n_splits=10, random_state=None, shuffle=False), round=4, cross_validation=True, predict=True, fit_kwargs={}, groups=None, refit=False, probability_threshold=None, experiment_custom_tags=None, verbose=False, system=False, add_to_model_list=True, metrics=None, display=<pycaret.internal.display.display.CommonDisplay object at 0x31e7ccf90>, model_only=True, return_train_score=False, error_score=0.0, kwargs={})
2026-06-20 21:11:02,122:INFO:Checking exceptions
2026-06-20 21:11:02,122:INFO:Importing libraries
2026-06-20 21:11:02,122:INFO:Copying training dataset
2026-06-20 21:11:02,123:INFO:Defining folds
2026-06-20 21:11:02,123:INFO:Declaring metric variables
2026-06-20 21:11:02,124:INFO:Importing untrained model
2026-06-20 21:11:02,125:INFO:Decision Tree Regressor Imported successfully
2026-06-20 21:11:02,126:INFO:Starting cross validation
2026-06-20 21:11:02,127:INFO:Cross validating with KFold(n_splits=10, random_state=None, shuffle=False), n_jobs=-1
2026-06-20 21:11:02,155:INFO:Calculating mean and std
2026-06-20 21:11:02,155:INFO:Creating metrics dataframe
2026-06-20 21:11:02,156:INFO:Uploading results into container
2026-06-20 21:11:02,156:INFO:Uploading model into container now
2026-06-20 21:11:02,156:INFO:_master_model_container: 12
2026-06-20 21:11:02,156:INFO:_display_container: 2
2026-06-20 21:11:02,156:INFO:DecisionTreeRegressor(random_state=123)
2026-06-20 21:11:02,156:INFO:create_model() successfully completed......................................
2026-06-20 21:11:02,202:INFO:SubProcess create_model() end ==================================
2026-06-20 21:11:02,202:INFO:Creating metrics dataframe
2026-06-20 21:11:02,205:INFO:Initializing Random Forest Regressor
2026-06-20 21:11:02,205:INFO:Total runtime is 0.06036018133163454 minutes
2026-06-20 21:11:02,206:INFO:SubProcess create_model() called ==================================
2026-06-20 21:11:02,206:INFO:Initializing create_model()
2026-06-20 21:11:02,206:INFO:create_model(self=<pycaret.regression.oop.RegressionExperiment object at 0x1099bf990>, estimator=rf, fold=KFold(n_splits=10, random_state=None, shuffle=False), round=4, cross_validation=True, predict=True, fit_kwargs={}, groups=None, refit=False, probability_threshold=None, experiment_custom_tags=None, verbose=False, system=False, add_to_model_list=True, metrics=None, display=<pycaret.internal.display.display.CommonDisplay object at 0x31e7ccf90>, model_only=True, return_train_score=False, error_score=0.0, kwargs={})
2026-06-20 21:11:02,206:INFO:Checking exceptions
2026-06-20 21:11:02,206:INFO:Importing libraries
2026-06-20 21:11:02,206:INFO:Copying training dataset
2026-06-20 21:11:02,208:INFO:Defining folds
2026-06-20 21:11:02,208:INFO:Declaring metric variables
2026-06-20 21:11:02,209:INFO:Importing untrained model
2026-06-20 21:11:02,210:INFO:Random Forest Regressor Imported successfully
2026-06-20 21:11:02,212:INFO:Starting cross validation
2026-06-20 21:11:02,212:INFO:Cross validating with KFold(n_splits=10, random_state=None, shuffle=False), n_jobs=-1
2026-06-20 21:11:02,444:INFO:Calculating mean and std
2026-06-20 21:11:02,444:INFO:Creating metrics dataframe
2026-06-20 21:11:02,445:INFO:Uploading results into container
2026-06-20 21:11:02,445:INFO:Uploading model into container now
2026-06-20 21:11:02,445:INFO:_master_model_container: 13
2026-06-20 21:11:02,445:INFO:_display_container: 2
2026-06-20 21:11:02,445:INFO:RandomForestRegressor(n_jobs=-1, random_state=123)
2026-06-20 21:11:02,445:INFO:create_model() successfully completed......................................
2026-06-20 21:11:02,491:INFO:SubProcess create_model() end ==================================
2026-06-20 21:11:02,491:INFO:Creating metrics dataframe
2026-06-20 21:11:02,493:INFO:Initializing Extra Trees Regressor
2026-06-20 21:11:02,494:INFO:Total runtime is 0.06516923507054649 minutes
2026-06-20 21:11:02,495:INFO:SubProcess create_model() called ==================================
2026-06-20 21:11:02,495:INFO:Initializing create_model()
2026-06-20 21:11:02,495:INFO:create_model(self=<pycaret.regression.oop.RegressionExperiment object at 0x1099bf990>, estimator=et, fold=KFold(n_splits=10, random_state=None, shuffle=False), round=4, cross_validation=True, predict=True, fit_kwargs={}, groups=None, refit=False, probability_threshold=None, experiment_custom_tags=None, verbose=False, system=False, add_to_model_list=True, metrics=None, display=<pycaret.internal.display.display.CommonDisplay object at 0x31e7ccf90>, model_only=True, return_train_score=False, error_score=0.0, kwargs={})
2026-06-20 21:11:02,495:INFO:Checking exceptions
2026-06-20 21:11:02,495:INFO:Importing libraries
2026-06-20 21:11:02,495:INFO:Copying training dataset
2026-06-20 21:11:02,496:INFO:Defining folds
2026-06-20 21:11:02,496:INFO:Declaring metric variables
2026-06-20 21:11:02,497:INFO:Importing untrained model
2026-06-20 21:11:02,498:INFO:Extra Trees Regressor Imported successfully
2026-06-20 21:11:02,500:INFO:Starting cross validation
2026-06-20 21:11:02,501:INFO:Cross validating with KFold(n_splits=10, random_state=None, shuffle=False), n_jobs=-1
2026-06-20 21:11:02,656:INFO:Calculating mean and std
2026-06-20 21:11:02,656:INFO:Creating metrics dataframe
2026-06-20 21:11:02,657:INFO:Uploading results into container
2026-06-20 21:11:02,657:INFO:Uploading model into container now
2026-06-20 21:11:02,657:INFO:_master_model_container: 14
2026-06-20 21:11:02,657:INFO:_display_container: 2
2026-06-20 21:11:02,657:INFO:ExtraTreesRegressor(n_jobs=-1, random_state=123)
2026-06-20 21:11:02,657:INFO:create_model() successfully completed......................................
2026-06-20 21:11:02,702:INFO:SubProcess create_model() end ==================================
2026-06-20 21:11:02,702:INFO:Creating metrics dataframe
2026-06-20 21:11:02,705:INFO:Initializing AdaBoost Regressor
2026-06-20 21:11:02,705:INFO:Total runtime is 0.0686911185582479 minutes
2026-06-20 21:11:02,706:INFO:SubProcess create_model() called ==================================
2026-06-20 21:11:02,706:INFO:Initializing create_model()
2026-06-20 21:11:02,706:INFO:create_model(self=<pycaret.regression.oop.RegressionExperiment object at 0x1099bf990>, estimator=ada, fold=KFold(n_splits=10, random_state=None, shuffle=False), round=4, cross_validation=True, predict=True, fit_kwargs={}, groups=None, refit=False, probability_threshold=None, experiment_custom_tags=None, verbose=False, system=False, add_to_model_list=True, metrics=None, display=<pycaret.internal.display.display.CommonDisplay object at 0x31e7ccf90>, model_only=True, return_train_score=False, error_score=0.0, kwargs={})
2026-06-20 21:11:02,706:INFO:Checking exceptions
2026-06-20 21:11:02,706:INFO:Importing libraries
2026-06-20 21:11:02,706:INFO:Copying training dataset
2026-06-20 21:11:02,708:INFO:Defining folds
2026-06-20 21:11:02,708:INFO:Declaring metric variables
2026-06-20 21:11:02,708:INFO:Importing untrained model
2026-06-20 21:11:02,709:INFO:AdaBoost Regressor Imported successfully
2026-06-20 21:11:02,712:INFO:Starting cross validation
2026-06-20 21:11:02,712:INFO:Cross validating with KFold(n_splits=10, random_state=None, shuffle=False), n_jobs=-1
2026-06-20 21:11:02,824:INFO:Calculating mean and std
2026-06-20 21:11:02,824:INFO:Creating metrics dataframe
2026-06-20 21:11:02,825:INFO:Uploading results into container
2026-06-20 21:11:02,825:INFO:Uploading model into container now
2026-06-20 21:11:02,825:INFO:_master_model_container: 15
2026-06-20 21:11:02,825:INFO:_display_container: 2
2026-06-20 21:11:02,825:INFO:AdaBoostRegressor(random_state=123)
2026-06-20 21:11:02,825:INFO:create_model() successfully completed......................................
2026-06-20 21:11:02,871:INFO:SubProcess create_model() end ==================================
2026-06-20 21:11:02,871:INFO:Creating metrics dataframe
2026-06-20 21:11:02,874:INFO:Initializing Gradient Boosting Regressor
2026-06-20 21:11:02,874:INFO:Total runtime is 0.07150659958521527 minutes
2026-06-20 21:11:02,875:INFO:SubProcess create_model() called ==================================
2026-06-20 21:11:02,875:INFO:Initializing create_model()
2026-06-20 21:11:02,875:INFO:create_model(self=<pycaret.regression.oop.RegressionExperiment object at 0x1099bf990>, estimator=gbr, fold=KFold(n_splits=10, random_state=None, shuffle=False), round=4, cross_validation=True, predict=True, fit_kwargs={}, groups=None, refit=False, probability_threshold=None, experiment_custom_tags=None, verbose=False, system=False, add_to_model_list=True, metrics=None, display=<pycaret.internal.display.display.CommonDisplay object at 0x31e7ccf90>, model_only=True, return_train_score=False, error_score=0.0, kwargs={})
2026-06-20 21:11:02,875:INFO:Checking exceptions
2026-06-20 21:11:02,875:INFO:Importing libraries
2026-06-20 21:11:02,875:INFO:Copying training dataset
2026-06-20 21:11:02,876:INFO:Defining folds
2026-06-20 21:11:02,876:INFO:Declaring metric variables
2026-06-20 21:11:02,877:INFO:Importing untrained model
2026-06-20 21:11:02,878:INFO:Gradient Boosting Regressor Imported successfully
2026-06-20 21:11:02,884:INFO:Starting cross validation
2026-06-20 21:11:02,885:INFO:Cross validating with KFold(n_splits=10, random_state=None, shuffle=False), n_jobs=-1
2026-06-20 21:11:02,992:INFO:Calculating mean and std
2026-06-20 21:11:02,992:INFO:Creating metrics dataframe
2026-06-20 21:11:02,993:INFO:Uploading results into container
2026-06-20 21:11:02,993:INFO:Uploading model into container now
2026-06-20 21:11:02,993:INFO:_master_model_container: 16
2026-06-20 21:11:02,993:INFO:_display_container: 2
2026-06-20 21:11:02,993:INFO:GradientBoostingRegressor(random_state=123)
2026-06-20 21:11:02,993:INFO:create_model() successfully completed......................................
2026-06-20 21:11:03,039:INFO:SubProcess create_model() end ==================================
2026-06-20 21:11:03,039:INFO:Creating metrics dataframe
2026-06-20 21:11:03,042:INFO:Initializing Light Gradient Boosting Machine
2026-06-20 21:11:03,042:INFO:Total runtime is 0.07430958350499473 minutes
2026-06-20 21:11:03,043:INFO:SubProcess create_model() called ==================================
2026-06-20 21:11:03,043:INFO:Initializing create_model()
2026-06-20 21:11:03,043:INFO:create_model(self=<pycaret.regression.oop.RegressionExperiment object at 0x1099bf990>, estimator=lightgbm, fold=KFold(n_splits=10, random_state=None, shuffle=False), round=4, cross_validation=True, predict=True, fit_kwargs={}, groups=None, refit=False, probability_threshold=None, experiment_custom_tags=None, verbose=False, system=False, add_to_model_list=True, metrics=None, display=<pycaret.internal.display.display.CommonDisplay object at 0x31e7ccf90>, model_only=True, return_train_score=False, error_score=0.0, kwargs={})
2026-06-20 21:11:03,043:INFO:Checking exceptions
2026-06-20 21:11:03,043:INFO:Importing libraries
2026-06-20 21:11:03,043:INFO:Copying training dataset
2026-06-20 21:11:03,045:INFO:Defining folds
2026-06-20 21:11:03,045:INFO:Declaring metric variables
2026-06-20 21:11:03,046:INFO:Importing untrained model
2026-06-20 21:11:03,047:INFO:Light Gradient Boosting Machine Imported successfully
2026-06-20 21:11:03,049:INFO:Starting cross validation
2026-06-20 21:11:03,049:INFO:Cross validating with KFold(n_splits=10, random_state=None, shuffle=False), n_jobs=-1
2026-06-20 21:11:04,828:INFO:Calculating mean and std
2026-06-20 21:11:04,828:INFO:Creating metrics dataframe
2026-06-20 21:11:04,829:INFO:Uploading results into container
2026-06-20 21:11:04,829:INFO:Uploading model into container now
2026-06-20 21:11:04,830:INFO:_master_model_container: 17
2026-06-20 21:11:04,830:INFO:_display_container: 2
2026-06-20 21:11:04,830:INFO:LGBMRegressor(n_jobs=-1, random_state=123)
2026-06-20 21:11:04,830:INFO:create_model() successfully completed......................................
2026-06-20 21:11:04,875:INFO:SubProcess create_model() end ==================================
2026-06-20 21:11:04,875:INFO:Creating metrics dataframe
2026-06-20 21:11:04,878:INFO:Initializing Dummy Regressor
2026-06-20 21:11:04,878:INFO:Total runtime is 0.10491783618927003 minutes
2026-06-20 21:11:04,879:INFO:SubProcess create_model() called ==================================
2026-06-20 21:11:04,880:INFO:Initializing create_model()
2026-06-20 21:11:04,880:INFO:create_model(self=<pycaret.regression.oop.RegressionExperiment object at 0x1099bf990>, estimator=dummy, fold=KFold(n_splits=10, random_state=None, shuffle=False), round=4, cross_validation=True, predict=True, fit_kwargs={}, groups=None, refit=False, probability_threshold=None, experiment_custom_tags=None, verbose=False, system=False, add_to_model_list=True, metrics=None, display=<pycaret.internal.display.display.CommonDisplay object at 0x31e7ccf90>, model_only=True, return_train_score=False, error_score=0.0, kwargs={})
2026-06-20 21:11:04,880:INFO:Checking exceptions
2026-06-20 21:11:04,880:INFO:Importing libraries
2026-06-20 21:11:04,880:INFO:Copying training dataset
2026-06-20 21:11:04,881:INFO:Defining folds
2026-06-20 21:11:04,881:INFO:Declaring metric variables
2026-06-20 21:11:04,882:INFO:Importing untrained model
2026-06-20 21:11:04,883:INFO:Dummy Regressor Imported successfully
2026-06-20 21:11:04,885:INFO:Starting cross validation
2026-06-20 21:11:04,885:INFO:Cross validating with KFold(n_splits=10, random_state=None, shuffle=False), n_jobs=-1
2026-06-20 21:11:04,913:INFO:Calculating mean and std
2026-06-20 21:11:04,913:INFO:Creating metrics dataframe
2026-06-20 21:11:04,914:INFO:Uploading results into container
2026-06-20 21:11:04,914:INFO:Uploading model into container now
2026-06-20 21:11:04,914:INFO:_master_model_container: 18
2026-06-20 21:11:04,914:INFO:_display_container: 2
2026-06-20 21:11:04,914:INFO:DummyRegressor()
2026-06-20 21:11:04,914:INFO:create_model() successfully completed......................................
2026-06-20 21:11:04,965:INFO:SubProcess create_model() end ==================================
2026-06-20 21:11:04,965:INFO:Creating metrics dataframe
2026-06-20 21:11:04,970:WARNING:/Users/junhwi/anaconda3/envs/Sampyo/lib/python3.11/site-packages/pycaret/internal/pycaret_experiment/supervised_experiment.py:339: FutureWarning: Styler.applymap has been deprecated. Use Styler.map instead.
  .applymap(highlight_cols, subset=["TT (Sec)"])

2026-06-20 21:11:04,972:INFO:Initializing create_model()
2026-06-20 21:11:04,973:INFO:create_model(self=<pycaret.regression.oop.RegressionExperiment object at 0x1099bf990>, estimator=LGBMRegressor(n_jobs=-1, random_state=123), fold=KFold(n_splits=10, random_state=None, shuffle=False), round=4, cross_validation=False, predict=False, fit_kwargs={}, groups=None, refit=True, probability_threshold=None, experiment_custom_tags=None, verbose=False, system=False, add_to_model_list=True, metrics=None, display=None, model_only=True, return_train_score=False, error_score=0.0, kwargs={})
2026-06-20 21:11:04,973:INFO:Checking exceptions
2026-06-20 21:11:04,973:INFO:Importing libraries
2026-06-20 21:11:04,974:INFO:Copying training dataset
2026-06-20 21:11:04,975:INFO:Defining folds
2026-06-20 21:11:04,975:INFO:Declaring metric variables
2026-06-20 21:11:04,975:INFO:Importing untrained model
2026-06-20 21:11:04,975:INFO:Declaring custom model
2026-06-20 21:11:04,975:INFO:Light Gradient Boosting Machine Imported successfully
2026-06-20 21:11:04,975:INFO:Cross validation set to False
2026-06-20 21:11:04,975:INFO:Fitting Model
2026-06-20 21:11:04,981:INFO:[LightGBM] [Info] Auto-choosing col-wise multi-threading, the overhead of testing was 0.000140 seconds.
2026-06-20 21:11:04,981:INFO:You can set `force_col_wise=true` to remove the overhead.
2026-06-20 21:11:04,981:INFO:[LightGBM] [Info] Total Bins 846
2026-06-20 21:11:04,981:INFO:[LightGBM] [Info] Number of data points in the train set: 721, number of used features: 8
2026-06-20 21:11:04,981:INFO:[LightGBM] [Info] Start training from score 35.933675
2026-06-20 21:11:04,984:INFO:[LightGBM] [Warning] No further splits with positive gain, best gain: -inf
2026-06-20 21:11:04,986:INFO:[LightGBM] [Warning] No further splits with positive gain, best gain: -inf
2026-06-20 21:11:04,987:INFO:[LightGBM] [Warning] No further splits with positive gain, best gain: -inf
2026-06-20 21:11:04,989:INFO:[LightGBM] [Warning] No further splits with positive gain, best gain: -inf
2026-06-20 21:11:04,990:INFO:[LightGBM] [Warning] No further splits with positive gain, best gain: -inf
2026-06-20 21:11:04,992:INFO:[LightGBM] [Warning] No further splits with positive gain, best gain: -inf
2026-06-20 21:11:04,994:INFO:[LightGBM] [Warning] No further splits with positive gain, best gain: -inf
2026-06-20 21:11:04,997:INFO:[LightGBM] [Warning] No further splits with positive gain, best gain: -inf
2026-06-20 21:11:04,999:INFO:[LightGBM] [Warning] No further splits with positive gain, best gain: -inf
2026-06-20 21:11:05,002:INFO:[LightGBM] [Warning] No further splits with positive gain, best gain: -inf
2026-06-20 21:11:05,004:INFO:[LightGBM] [Warning] No further splits with positive gain, best gain: -inf
2026-06-20 21:11:05,006:INFO:[LightGBM] [Warning] No further splits with positive gain, best gain: -inf
2026-06-20 21:11:05,008:INFO:[LightGBM] [Warning] No further splits with positive gain, best gain: -inf
2026-06-20 21:11:05,011:INFO:[LightGBM] [Warning] No further splits with positive gain, best gain: -inf
2026-06-20 21:11:05,014:INFO:[LightGBM] [Warning] No further splits with positive gain, best gain: -inf
2026-06-20 21:11:05,017:INFO:[LightGBM] [Warning] No further splits with positive gain, best gain: -inf
2026-06-20 21:11:05,019:INFO:[LightGBM] [Warning] No further splits with positive gain, best gain: -inf
2026-06-20 21:11:05,021:INFO:[LightGBM] [Warning] No further splits with positive gain, best gain: -inf
2026-06-20 21:11:05,023:INFO:[LightGBM] [Warning] No further splits with positive gain, best gain: -inf
2026-06-20 21:11:05,025:INFO:[LightGBM] [Warning] No further splits with positive gain, best gain: -inf
2026-06-20 21:11:05,028:INFO:[LightGBM] [Warning] No further splits with positive gain, best gain: -inf
2026-06-20 21:11:05,031:INFO:[LightGBM] [Warning] No further splits with positive gain, best gain: -inf
2026-06-20 21:11:05,033:INFO:[LightGBM] [Warning] No further splits with positive gain, best gain: -inf
2026-06-20 21:11:05,036:INFO:[LightGBM] [Warning] No further splits with positive gain, best gain: -inf
2026-06-20 21:11:05,038:INFO:[LightGBM] [Warning] No further splits with positive gain, best gain: -inf
2026-06-20 21:11:05,040:INFO:[LightGBM] [Warning] No further splits with positive gain, best gain: -inf
2026-06-20 21:11:05,043:INFO:[LightGBM] [Warning] No further splits with positive gain, best gain: -inf
2026-06-20 21:11:05,046:INFO:[LightGBM] [Warning] No further splits with positive gain, best gain: -inf
2026-06-20 21:11:05,048:INFO:[LightGBM] [Warning] No further splits with positive gain, best gain: -inf
2026-06-20 21:11:05,051:INFO:[LightGBM] [Warning] No further splits with positive gain, best gain: -inf
2026-06-20 21:11:05,053:INFO:[LightGBM] [Warning] No further splits with positive gain, best gain: -inf
2026-06-20 21:11:05,055:INFO:[LightGBM] [Warning] No further splits with positive gain, best gain: -inf
2026-06-20 21:11:05,058:INFO:[LightGBM] [Warning] No further splits with positive gain, best gain: -inf
2026-06-20 21:11:05,061:INFO:[LightGBM] [Warning] No further splits with positive gain, best gain: -inf
2026-06-20 21:11:05,063:INFO:[LightGBM] [Warning] No further splits with positive gain, best gain: -inf
2026-06-20 21:11:05,066:INFO:[LightGBM] [Warning] No further splits with positive gain, best gain: -inf
2026-06-20 21:11:05,069:INFO:[LightGBM] [Warning] No further splits with positive gain, best gain: -inf
2026-06-20 21:11:05,070:INFO:[LightGBM] [Warning] No further splits with positive gain, best gain: -inf
2026-06-20 21:11:05,073:INFO:[LightGBM] [Warning] No further splits with positive gain, best gain: -inf
2026-06-20 21:11:05,075:INFO:[LightGBM] [Warning] No further splits with positive gain, best gain: -inf
2026-06-20 21:11:05,078:INFO:[LightGBM] [Warning] No further splits with positive gain, best gain: -inf
2026-06-20 21:11:05,081:INFO:[LightGBM] [Warning] No further splits with positive gain, best gain: -inf
2026-06-20 21:11:05,084:INFO:[LightGBM] [Warning] No further splits with positive gain, best gain: -inf
2026-06-20 21:11:05,086:INFO:[LightGBM] [Warning] No further splits with positive gain, best gain: -inf
2026-06-20 21:11:05,088:INFO:[LightGBM] [Warning] No further splits with positive gain, best gain: -inf
2026-06-20 21:11:05,091:INFO:[LightGBM] [Warning] No further splits with positive gain, best gain: -inf
2026-06-20 21:11:05,094:INFO:[LightGBM] [Warning] No further splits with positive gain, best gain: -inf
2026-06-20 21:11:05,097:INFO:[LightGBM] [Warning] No further splits with positive gain, best gain: -inf
2026-06-20 21:11:05,099:INFO:[LightGBM] [Warning] No further splits with positive gain, best gain: -inf
2026-06-20 21:11:05,102:INFO:[LightGBM] [Warning] No further splits with positive gain, best gain: -inf
2026-06-20 21:11:05,104:INFO:[LightGBM] [Warning] No further splits with positive gain, best gain: -inf
2026-06-20 21:11:05,106:INFO:[LightGBM] [Warning] No further splits with positive gain, best gain: -inf
2026-06-20 21:11:05,109:INFO:[LightGBM] [Warning] No further splits with positive gain, best gain: -inf
2026-06-20 21:11:05,112:INFO:[LightGBM] [Warning] No further splits with positive gain, best gain: -inf
2026-06-20 21:11:05,115:INFO:[LightGBM] [Warning] No further splits with positive gain, best gain: -inf
2026-06-20 21:11:05,117:INFO:[LightGBM] [Warning] No further splits with positive gain, best gain: -inf
2026-06-20 21:11:05,120:INFO:[LightGBM] [Warning] No further splits with positive gain, best gain: -inf
2026-06-20 21:11:05,122:INFO:[LightGBM] [Warning] No further splits with positive gain, best gain: -inf
2026-06-20 21:11:05,124:INFO:[LightGBM] [Warning] No further splits with positive gain, best gain: -inf
2026-06-20 21:11:05,127:INFO:[LightGBM] [Warning] No further splits with positive gain, best gain: -inf
2026-06-20 21:11:05,129:INFO:[LightGBM] [Warning] No further splits with positive gain, best gain: -inf
2026-06-20 21:11:05,132:INFO:[LightGBM] [Warning] No further splits with positive gain, best gain: -inf
2026-06-20 21:11:05,135:INFO:[LightGBM] [Warning] No further splits with positive gain, best gain: -inf
2026-06-20 21:11:05,137:INFO:[LightGBM] [Warning] No further splits with positive gain, best gain: -inf
2026-06-20 21:11:05,139:INFO:[LightGBM] [Warning] No further splits with positive gain, best gain: -inf
2026-06-20 21:11:05,142:INFO:[LightGBM] [Warning] No further splits with positive gain, best gain: -inf
2026-06-20 21:11:05,145:INFO:[LightGBM] [Warning] No further splits with positive gain, best gain: -inf
2026-06-20 21:11:05,147:INFO:[LightGBM] [Warning] No further splits with positive gain, best gain: -inf
2026-06-20 21:11:05,150:INFO:[LightGBM] [Warning] No further splits with positive gain, best gain: -inf
2026-06-20 21:11:05,152:INFO:[LightGBM] [Warning] No further splits with positive gain, best gain: -inf
2026-06-20 21:11:05,154:INFO:[LightGBM] [Warning] No further splits with positive gain, best gain: -inf
2026-06-20 21:11:05,156:INFO:[LightGBM] [Warning] No further splits with positive gain, best gain: -inf
2026-06-20 21:11:05,159:INFO:[LightGBM] [Warning] No further splits with positive gain, best gain: -inf
2026-06-20 21:11:05,162:INFO:[LightGBM] [Warning] No further splits with positive gain, best gain: -inf
2026-06-20 21:11:05,165:INFO:[LightGBM] [Warning] No further splits with positive gain, best gain: -inf
2026-06-20 21:11:05,167:INFO:[LightGBM] [Warning] No further splits with positive gain, best gain: -inf
2026-06-20 21:11:05,169:INFO:[LightGBM] [Warning] No further splits with positive gain, best gain: -inf
2026-06-20 21:11:05,171:INFO:[LightGBM] [Warning] No further splits with positive gain, best gain: -inf
2026-06-20 21:11:05,174:INFO:[LightGBM] [Warning] No further splits with positive gain, best gain: -inf
2026-06-20 21:11:05,177:INFO:[LightGBM] [Warning] No further splits with positive gain, best gain: -inf
2026-06-20 21:11:05,180:INFO:[LightGBM] [Warning] No further splits with positive gain, best gain: -inf
2026-06-20 21:11:05,182:INFO:[LightGBM] [Warning] No further splits with positive gain, best gain: -inf
2026-06-20 21:11:05,185:INFO:[LightGBM] [Warning] No further splits with positive gain, best gain: -inf
2026-06-20 21:11:05,187:INFO:[LightGBM] [Warning] No further splits with positive gain, best gain: -inf
2026-06-20 21:11:05,190:INFO:[LightGBM] [Warning] No further splits with positive gain, best gain: -inf
2026-06-20 21:11:05,193:INFO:[LightGBM] [Warning] No further splits with positive gain, best gain: -inf
2026-06-20 21:11:05,197:INFO:[LightGBM] [Warning] No further splits with positive gain, best gain: -inf
2026-06-20 21:11:05,199:INFO:[LightGBM] [Warning] No further splits with positive gain, best gain: -inf
2026-06-20 21:11:05,202:INFO:[LightGBM] [Warning] No further splits with positive gain, best gain: -inf
2026-06-20 21:11:05,204:INFO:[LightGBM] [Warning] No further splits with positive gain, best gain: -inf
2026-06-20 21:11:05,206:INFO:[LightGBM] [Warning] No further splits with positive gain, best gain: -inf
2026-06-20 21:11:05,209:INFO:[LightGBM] [Warning] No further splits with positive gain, best gain: -inf
2026-06-20 21:11:05,212:INFO:[LightGBM] [Warning] No further splits with positive gain, best gain: -inf
2026-06-20 21:11:05,214:INFO:[LightGBM] [Warning] No further splits with positive gain, best gain: -inf
2026-06-20 21:11:05,217:INFO:[LightGBM] [Warning] No further splits with positive gain, best gain: -inf
2026-06-20 21:11:05,219:INFO:[LightGBM] [Warning] No further splits with positive gain, best gain: -inf
2026-06-20 21:11:05,221:INFO:[LightGBM] [Warning] No further splits with positive gain, best gain: -inf
2026-06-20 21:11:05,223:INFO:[LightGBM] [Warning] No further splits with positive gain, best gain: -inf
2026-06-20 21:11:05,225:INFO:[LightGBM] [Warning] No further splits with positive gain, best gain: -inf
2026-06-20 21:11:05,228:INFO:[LightGBM] [Warning] No further splits with positive gain, best gain: -inf
2026-06-20 21:11:05,230:INFO:LGBMRegressor(n_jobs=-1, random_state=123)
2026-06-20 21:11:05,230:INFO:create_model() successfully completed......................................
2026-06-20 21:11:05,287:INFO:_master_model_container: 18
2026-06-20 21:11:05,287:INFO:_display_container: 2
2026-06-20 21:11:05,287:INFO:LGBMRegressor(n_jobs=-1, random_state=123)
2026-06-20 21:11:05,287:INFO:compare_models() successfully completed......................................
2026-06-20 21:11:05,288:INFO:Initializing tune_model()
2026-06-20 21:11:05,288:INFO:tune_model(self=<pycaret.regression.oop.RegressionExperiment object at 0x1099bf990>, estimator=LGBMRegressor(n_jobs=-1, random_state=123), fold=None, round=4, n_iter=30, custom_grid=None, optimize=R2, custom_scorer=None, search_library=scikit-learn, search_algorithm=None, early_stopping=False, early_stopping_max_iters=10, choose_better=True, fit_kwargs=None, groups=None, return_tuner=False, verbose=True, tuner_verbose=True, return_train_score=False, kwargs={})
2026-06-20 21:11:05,288:INFO:Checking exceptions
2026-06-20 21:11:05,292:INFO:Copying training dataset
2026-06-20 21:11:05,294:INFO:Checking base model
2026-06-20 21:11:05,294:INFO:Base model : Light Gradient Boosting Machine
2026-06-20 21:11:05,297:INFO:Declaring metric variables
2026-06-20 21:11:05,299:INFO:Defining Hyperparameters
2026-06-20 21:11:05,351:INFO:Tuning with n_jobs=-1
2026-06-20 21:11:05,351:INFO:Initializing RandomizedSearchCV
2026-06-20 21:11:29,606:INFO:best_params: {'actual_estimator__reg_lambda': 3, 'actual_estimator__reg_alpha': 4, 'actual_estimator__num_leaves': 100, 'actual_estimator__n_estimators': 280, 'actual_estimator__min_split_gain': 0.3, 'actual_estimator__min_child_samples': 46, 'actual_estimator__learning_rate': 0.15, 'actual_estimator__feature_fraction': 0.5, 'actual_estimator__bagging_freq': 4, 'actual_estimator__bagging_fraction': 1.0}
2026-06-20 21:11:29,607:INFO:Hyperparameter search completed
2026-06-20 21:11:29,607:INFO:SubProcess create_model() called ==================================
2026-06-20 21:11:29,607:INFO:Initializing create_model()
2026-06-20 21:11:29,607:INFO:create_model(self=<pycaret.regression.oop.RegressionExperiment object at 0x1099bf990>, estimator=LGBMRegressor(n_jobs=-1, random_state=123), fold=KFold(n_splits=10, random_state=None, shuffle=False), round=4, cross_validation=True, predict=True, fit_kwargs={}, groups=None, refit=True, probability_threshold=None, experiment_custom_tags=None, verbose=True, system=False, add_to_model_list=True, metrics=None, display=<pycaret.internal.display.display.CommonDisplay object at 0x323e27ed0>, model_only=True, return_train_score=False, error_score=0.0, kwargs={'reg_lambda': 3, 'reg_alpha': 4, 'num_leaves': 100, 'n_estimators': 280, 'min_split_gain': 0.3, 'min_child_samples': 46, 'learning_rate': 0.15, 'feature_fraction': 0.5, 'bagging_freq': 4, 'bagging_fraction': 1.0})
2026-06-20 21:11:29,607:INFO:Checking exceptions
2026-06-20 21:11:29,607:INFO:Importing libraries
2026-06-20 21:11:29,607:INFO:Copying training dataset
2026-06-20 21:11:29,609:INFO:Defining folds
2026-06-20 21:11:29,609:INFO:Declaring metric variables
2026-06-20 21:11:29,610:INFO:Importing untrained model
2026-06-20 21:11:29,610:INFO:Declaring custom model
2026-06-20 21:11:29,612:INFO:Light Gradient Boosting Machine Imported successfully
2026-06-20 21:11:29,614:INFO:Starting cross validation
2026-06-20 21:11:29,614:INFO:Cross validating with KFold(n_splits=10, random_state=None, shuffle=False), n_jobs=-1
2026-06-20 21:11:31,664:INFO:Calculating mean and std
2026-06-20 21:11:31,664:INFO:Creating metrics dataframe
2026-06-20 21:11:31,666:INFO:Finalizing model
2026-06-20 21:11:31,669:INFO:[LightGBM] [Warning] bagging_freq is set=4, subsample_freq=0 will be ignored. Current value: bagging_freq=4
2026-06-20 21:11:31,669:INFO:[LightGBM] [Warning] feature_fraction is set=0.5, colsample_bytree=1.0 will be ignored. Current value: feature_fraction=0.5
2026-06-20 21:11:31,669:INFO:[LightGBM] [Warning] bagging_fraction is set=1.0, subsample=1.0 will be ignored. Current value: bagging_fraction=1.0
2026-06-20 21:11:31,669:INFO:[LightGBM] [Warning] bagging_freq is set=4, subsample_freq=0 will be ignored. Current value: bagging_freq=4
2026-06-20 21:11:31,670:INFO:[LightGBM] [Warning] feature_fraction is set=0.5, colsample_bytree=1.0 will be ignored. Current value: feature_fraction=0.5
2026-06-20 21:11:31,670:INFO:[LightGBM] [Warning] bagging_fraction is set=1.0, subsample=1.0 will be ignored. Current value: bagging_fraction=1.0
2026-06-20 21:11:31,670:INFO:[LightGBM] [Info] Auto-choosing col-wise multi-threading, the overhead of testing was 0.000141 seconds.
2026-06-20 21:11:31,670:INFO:You can set `force_col_wise=true` to remove the overhead.
2026-06-20 21:11:31,670:INFO:[LightGBM] [Info] Total Bins 846
2026-06-20 21:11:31,670:INFO:[LightGBM] [Info] Number of data points in the train set: 721, number of used features: 8
2026-06-20 21:11:31,670:INFO:[LightGBM] [Info] Start training from score 35.933675
2026-06-20 21:11:31,671:INFO:[LightGBM] [Warning] No further splits with positive gain, best gain: -inf
2026-06-20 21:11:31,672:INFO:[LightGBM] [Warning] No further splits with positive gain, best gain: -inf
2026-06-20 21:11:31,673:INFO:[LightGBM] [Warning] No further splits with positive gain, best gain: -inf
2026-06-20 21:11:31,674:INFO:[LightGBM] [Warning] No further splits with positive gain, best gain: -inf
2026-06-20 21:11:31,675:INFO:[LightGBM] [Warning] No further splits with positive gain, best gain: -inf
2026-06-20 21:11:31,676:INFO:[LightGBM] [Warning] No further splits with positive gain, best gain: -inf
2026-06-20 21:11:31,677:INFO:[LightGBM] [Warning] No further splits with positive gain, best gain: -inf
2026-06-20 21:11:31,678:INFO:[LightGBM] [Warning] No further splits with positive gain, best gain: -inf
2026-06-20 21:11:31,679:INFO:[LightGBM] [Warning] No further splits with positive gain, best gain: -inf
2026-06-20 21:11:31,681:INFO:[LightGBM] [Warning] No further splits with positive gain, best gain: -inf
2026-06-20 21:11:31,682:INFO:[LightGBM] [Warning] No further splits with positive gain, best gain: -inf
2026-06-20 21:11:31,683:INFO:[LightGBM] [Warning] No further splits with positive gain, best gain: -inf
2026-06-20 21:11:31,684:INFO:[LightGBM] [Warning] No further splits with positive gain, best gain: -inf
2026-06-20 21:11:31,685:INFO:[LightGBM] [Warning] No further splits with positive gain, best gain: -inf
2026-06-20 21:11:31,686:INFO:[LightGBM] [Warning] No further splits with positive gain, best gain: -inf
2026-06-20 21:11:31,686:INFO:[LightGBM] [Warning] No further splits with positive gain, best gain: -inf
2026-06-20 21:11:31,687:INFO:[LightGBM] [Warning] No further splits with positive gain, best gain: -inf
2026-06-20 21:11:31,689:INFO:[LightGBM] [Warning] No further splits with positive gain, best gain: -inf
2026-06-20 21:11:31,690:INFO:[LightGBM] [Warning] No further splits with positive gain, best gain: -inf
2026-06-20 21:11:31,691:INFO:[LightGBM] [Warning] No further splits with positive gain, best gain: -inf
2026-06-20 21:11:31,692:INFO:[LightGBM] [Warning] No further splits with positive gain, best gain: -inf
2026-06-20 21:11:31,693:INFO:[LightGBM] [Warning] No further splits with positive gain, best gain: -inf
2026-06-20 21:11:31,694:INFO:[LightGBM] [Warning] No further splits with positive gain, best gain: -inf
2026-06-20 21:11:31,695:INFO:[LightGBM] [Warning] No further splits with positive gain, best gain: -inf
2026-06-20 21:11:31,697:INFO:[LightGBM] [Warning] No further splits with positive gain, best gain: -inf
2026-06-20 21:11:31,698:INFO:[LightGBM] [Warning] No further splits with positive gain, best gain: -inf
2026-06-20 21:11:31,699:INFO:[LightGBM] [Warning] No further splits with positive gain, best gain: -inf
2026-06-20 21:11:31,700:INFO:[LightGBM] [Warning] No further splits with positive gain, best gain: -inf
2026-06-20 21:11:31,701:INFO:[LightGBM] [Warning] No further splits with positive gain, best gain: -inf
2026-06-20 21:11:31,702:INFO:[LightGBM] [Warning] No further splits with positive gain, best gain: -inf
2026-06-20 21:11:31,703:INFO:[LightGBM] [Warning] No further splits with positive gain, best gain: -inf
2026-06-20 21:11:31,704:INFO:[LightGBM] [Warning] No further splits with positive gain, best gain: -inf
2026-06-20 21:11:31,705:INFO:[LightGBM] [Warning] No further splits with positive gain, best gain: -inf
2026-06-20 21:11:31,706:INFO:[LightGBM] [Warning] No further splits with positive gain, best gain: -inf
2026-06-20 21:11:31,708:INFO:[LightGBM] [Warning] No further splits with positive gain, best gain: -inf
2026-06-20 21:11:31,709:INFO:[LightGBM] [Warning] No further splits with positive gain, best gain: -inf
2026-06-20 21:11:31,710:INFO:[LightGBM] [Warning] No further splits with positive gain, best gain: -inf
2026-06-20 21:11:31,711:INFO:[LightGBM] [Warning] No further splits with positive gain, best gain: -inf
2026-06-20 21:11:31,712:INFO:[LightGBM] [Warning] No further splits with positive gain, best gain: -inf
2026-06-20 21:11:31,713:INFO:[LightGBM] [Warning] No further splits with positive gain, best gain: -inf
2026-06-20 21:11:31,715:INFO:[LightGBM] [Warning] No further splits with positive gain, best gain: -inf
2026-06-20 21:11:31,716:INFO:[LightGBM] [Warning] No further splits with positive gain, best gain: -inf
2026-06-20 21:11:31,717:INFO:[LightGBM] [Warning] No further splits with positive gain, best gain: -inf
2026-06-20 21:11:31,718:INFO:[LightGBM] [Warning] No further splits with positive gain, best gain: -inf
2026-06-20 21:11:31,719:INFO:[LightGBM] [Warning] No further splits with positive gain, best gain: -inf
2026-06-20 21:11:31,720:INFO:[LightGBM] [Warning] No further splits with positive gain, best gain: -inf
2026-06-20 21:11:31,721:INFO:[LightGBM] [Warning] No further splits with positive gain, best gain: -inf
2026-06-20 21:11:31,722:INFO:[LightGBM] [Warning] No further splits with positive gain, best gain: -inf
2026-06-20 21:11:31,723:INFO:[LightGBM] [Warning] No further splits with positive gain, best gain: -inf
2026-06-20 21:11:31,725:INFO:[LightGBM] [Warning] No further splits with positive gain, best gain: -inf
2026-06-20 21:11:31,726:INFO:[LightGBM] [Warning] No further splits with positive gain, best gain: -inf
2026-06-20 21:11:31,727:INFO:[LightGBM] [Warning] No further splits with positive gain, best gain: -inf
2026-06-20 21:11:31,728:INFO:[LightGBM] [Warning] No further splits with positive gain, best gain: -inf
2026-06-20 21:11:31,729:INFO:[LightGBM] [Warning] No further splits with positive gain, best gain: -inf
2026-06-20 21:11:31,730:INFO:[LightGBM] [Warning] No further splits with positive gain, best gain: -inf
2026-06-20 21:11:31,732:INFO:[LightGBM] [Warning] No further splits with positive gain, best gain: -inf
2026-06-20 21:11:31,733:INFO:[LightGBM] [Warning] No further splits with positive gain, best gain: -inf
2026-06-20 21:11:31,734:INFO:[LightGBM] [Warning] No further splits with positive gain, best gain: -inf
2026-06-20 21:11:31,735:INFO:[LightGBM] [Warning] No further splits with positive gain, best gain: -inf
2026-06-20 21:11:31,736:INFO:[LightGBM] [Warning] No further splits with positive gain, best gain: -inf
2026-06-20 21:11:31,737:INFO:[LightGBM] [Warning] No further splits with positive gain, best gain: -inf
2026-06-20 21:11:31,738:INFO:[LightGBM] [Warning] No further splits with positive gain, best gain: -inf
2026-06-20 21:11:31,739:INFO:[LightGBM] [Warning] No further splits with positive gain, best gain: -inf
2026-06-20 21:11:31,740:INFO:[LightGBM] [Warning] No further splits with positive gain, best gain: -inf
2026-06-20 21:11:31,741:INFO:[LightGBM] [Warning] No further splits with positive gain, best gain: -inf
2026-06-20 21:11:31,743:INFO:[LightGBM] [Warning] No further splits with positive gain, best gain: -inf
2026-06-20 21:11:31,744:INFO:[LightGBM] [Warning] No further splits with positive gain, best gain: -inf
2026-06-20 21:11:31,745:INFO:[LightGBM] [Warning] No further splits with positive gain, best gain: -inf
2026-06-20 21:11:31,746:INFO:[LightGBM] [Warning] No further splits with positive gain, best gain: -inf
2026-06-20 21:11:31,747:INFO:[LightGBM] [Warning] No further splits with positive gain, best gain: -inf
2026-06-20 21:11:31,748:INFO:[LightGBM] [Warning] No further splits with positive gain, best gain: -inf
2026-06-20 21:11:31,749:INFO:[LightGBM] [Warning] No further splits with positive gain, best gain: -inf
2026-06-20 21:11:31,750:INFO:[LightGBM] [Warning] No further splits with positive gain, best gain: -inf
2026-06-20 21:11:31,751:INFO:[LightGBM] [Warning] No further splits with positive gain, best gain: -inf
2026-06-20 21:11:31,752:INFO:[LightGBM] [Warning] No further splits with positive gain, best gain: -inf
2026-06-20 21:11:31,753:INFO:[LightGBM] [Warning] No further splits with positive gain, best gain: -inf
2026-06-20 21:11:31,754:INFO:[LightGBM] [Warning] No further splits with positive gain, best gain: -inf
2026-06-20 21:11:31,755:INFO:[LightGBM] [Warning] No further splits with positive gain, best gain: -inf
2026-06-20 21:11:31,756:INFO:[LightGBM] [Warning] No further splits with positive gain, best gain: -inf
2026-06-20 21:11:31,757:INFO:[LightGBM] [Warning] No further splits with positive gain, best gain: -inf
2026-06-20 21:11:31,759:INFO:[LightGBM] [Warning] No further splits with positive gain, best gain: -inf
2026-06-20 21:11:31,760:INFO:[LightGBM] [Warning] No further splits with positive gain, best gain: -inf
2026-06-20 21:11:31,761:INFO:[LightGBM] [Warning] No further splits with positive gain, best gain: -inf
2026-06-20 21:11:31,762:INFO:[LightGBM] [Warning] No further splits with positive gain, best gain: -inf
2026-06-20 21:11:31,763:INFO:[LightGBM] [Warning] No further splits with positive gain, best gain: -inf
2026-06-20 21:11:31,764:INFO:[LightGBM] [Warning] No further splits with positive gain, best gain: -inf
2026-06-20 21:11:31,765:INFO:[LightGBM] [Warning] No further splits with positive gain, best gain: -inf
2026-06-20 21:11:31,767:INFO:[LightGBM] [Warning] No further splits with positive gain, best gain: -inf
2026-06-20 21:11:31,768:INFO:[LightGBM] [Warning] No further splits with positive gain, best gain: -inf
2026-06-20 21:11:31,769:INFO:[LightGBM] [Warning] No further splits with positive gain, best gain: -inf
2026-06-20 21:11:31,770:INFO:[LightGBM] [Warning] No further splits with positive gain, best gain: -inf
2026-06-20 21:11:31,771:INFO:[LightGBM] [Warning] No further splits with positive gain, best gain: -inf
2026-06-20 21:11:31,772:INFO:[LightGBM] [Warning] No further splits with positive gain, best gain: -inf
2026-06-20 21:11:31,773:INFO:[LightGBM] [Warning] No further splits with positive gain, best gain: -inf
2026-06-20 21:11:31,774:INFO:[LightGBM] [Warning] No further splits with positive gain, best gain: -inf
2026-06-20 21:11:31,776:INFO:[LightGBM] [Warning] No further splits with positive gain, best gain: -inf
2026-06-20 21:11:31,777:INFO:[LightGBM] [Warning] No further splits with positive gain, best gain: -inf
2026-06-20 21:11:31,778:INFO:[LightGBM] [Warning] No further splits with positive gain, best gain: -inf
2026-06-20 21:11:31,779:INFO:[LightGBM] [Warning] No further splits with positive gain, best gain: -inf
2026-06-20 21:11:31,780:INFO:[LightGBM] [Warning] No further splits with positive gain, best gain: -inf
2026-06-20 21:11:31,781:INFO:[LightGBM] [Warning] No further splits with positive gain, best gain: -inf
2026-06-20 21:11:31,782:INFO:[LightGBM] [Warning] No further splits with positive gain, best gain: -inf
2026-06-20 21:11:31,783:INFO:[LightGBM] [Warning] No further splits with positive gain, best gain: -inf
2026-06-20 21:11:31,785:INFO:[LightGBM] [Warning] No further splits with positive gain, best gain: -inf
2026-06-20 21:11:31,786:INFO:[LightGBM] [Warning] No further splits with positive gain, best gain: -inf
2026-06-20 21:11:31,787:INFO:[LightGBM] [Warning] No further splits with positive gain, best gain: -inf
2026-06-20 21:11:31,788:INFO:[LightGBM] [Warning] No further splits with positive gain, best gain: -inf
2026-06-20 21:11:31,789:INFO:[LightGBM] [Warning] No further splits with positive gain, best gain: -inf
2026-06-20 21:11:31,790:INFO:[LightGBM] [Warning] No further splits with positive gain, best gain: -inf
2026-06-20 21:11:31,791:INFO:[LightGBM] [Warning] No further splits with positive gain, best gain: -inf
2026-06-20 21:11:31,792:INFO:[LightGBM] [Warning] No further splits with positive gain, best gain: -inf
2026-06-20 21:11:31,793:INFO:[LightGBM] [Warning] No further splits with positive gain, best gain: -inf
2026-06-20 21:11:31,794:INFO:[LightGBM] [Warning] No further splits with positive gain, best gain: -inf
2026-06-20 21:11:31,795:INFO:[LightGBM] [Warning] No further splits with positive gain, best gain: -inf
2026-06-20 21:11:31,797:INFO:[LightGBM] [Warning] No further splits with positive gain, best gain: -inf
2026-06-20 21:11:31,798:INFO:[LightGBM] [Warning] No further splits with positive gain, best gain: -inf
2026-06-20 21:11:31,799:INFO:[LightGBM] [Warning] No further splits with positive gain, best gain: -inf
2026-06-20 21:11:31,800:INFO:[LightGBM] [Warning] No further splits with positive gain, best gain: -inf
2026-06-20 21:11:31,801:INFO:[LightGBM] [Warning] No further splits with positive gain, best gain: -inf
2026-06-20 21:11:31,802:INFO:[LightGBM] [Warning] No further splits with positive gain, best gain: -inf
2026-06-20 21:11:31,803:INFO:[LightGBM] [Warning] No further splits with positive gain, best gain: -inf
2026-06-20 21:11:31,804:INFO:[LightGBM] [Warning] No further splits with positive gain, best gain: -inf
2026-06-20 21:11:31,806:INFO:[LightGBM] [Warning] No further splits with positive gain, best gain: -inf
2026-06-20 21:11:31,807:INFO:[LightGBM] [Warning] No further splits with positive gain, best gain: -inf
2026-06-20 21:11:31,808:INFO:[LightGBM] [Warning] No further splits with positive gain, best gain: -inf
2026-06-20 21:11:31,809:INFO:[LightGBM] [Warning] No further splits with positive gain, best gain: -inf
2026-06-20 21:11:31,810:INFO:[LightGBM] [Warning] No further splits with positive gain, best gain: -inf
2026-06-20 21:11:31,811:INFO:[LightGBM] [Warning] No further splits with positive gain, best gain: -inf
2026-06-20 21:11:31,812:INFO:[LightGBM] [Warning] No further splits with positive gain, best gain: -inf
2026-06-20 21:11:31,813:INFO:[LightGBM] [Warning] No further splits with positive gain, best gain: -inf
2026-06-20 21:11:31,814:INFO:[LightGBM] [Warning] No further splits with positive gain, best gain: -inf
2026-06-20 21:11:31,815:INFO:[LightGBM] [Warning] No further splits with positive gain, best gain: -inf
2026-06-20 21:11:31,817:INFO:[LightGBM] [Warning] No further splits with positive gain, best gain: -inf
2026-06-20 21:11:31,818:INFO:[LightGBM] [Warning] No further splits with positive gain, best gain: -inf
2026-06-20 21:11:31,819:INFO:[LightGBM] [Warning] No further splits with positive gain, best gain: -inf
2026-06-20 21:11:31,820:INFO:[LightGBM] [Warning] No further splits with positive gain, best gain: -inf
2026-06-20 21:11:31,821:INFO:[LightGBM] [Warning] No further splits with positive gain, best gain: -inf
2026-06-20 21:11:31,822:INFO:[LightGBM] [Warning] No further splits with positive gain, best gain: -inf
2026-06-20 21:11:31,823:INFO:[LightGBM] [Warning] No further splits with positive gain, best gain: -inf
2026-06-20 21:11:31,824:INFO:[LightGBM] [Warning] No further splits with positive gain, best gain: -inf
2026-06-20 21:11:31,826:INFO:[LightGBM] [Warning] No further splits with positive gain, best gain: -inf
2026-06-20 21:11:31,827:INFO:[LightGBM] [Warning] No further splits with positive gain, best gain: -inf
2026-06-20 21:11:31,828:INFO:[LightGBM] [Warning] No further splits with positive gain, best gain: -inf
2026-06-20 21:11:31,829:INFO:[LightGBM] [Warning] No further splits with positive gain, best gain: -inf
2026-06-20 21:11:31,830:INFO:[LightGBM] [Warning] No further splits with positive gain, best gain: -inf
2026-06-20 21:11:31,831:INFO:[LightGBM] [Warning] No further splits with positive gain, best gain: -inf
2026-06-20 21:11:31,832:INFO:[LightGBM] [Warning] No further splits with positive gain, best gain: -inf
2026-06-20 21:11:31,833:INFO:[LightGBM] [Warning] No further splits with positive gain, best gain: -inf
2026-06-20 21:11:31,834:INFO:[LightGBM] [Warning] No further splits with positive gain, best gain: -inf
2026-06-20 21:11:31,836:INFO:[LightGBM] [Warning] No further splits with positive gain, best gain: -inf
2026-06-20 21:11:31,837:INFO:[LightGBM] [Warning] No further splits with positive gain, best gain: -inf
2026-06-20 21:11:31,838:INFO:[LightGBM] [Warning] No further splits with positive gain, best gain: -inf
2026-06-20 21:11:31,839:INFO:[LightGBM] [Warning] No further splits with positive gain, best gain: -inf
2026-06-20 21:11:31,840:INFO:[LightGBM] [Warning] No further splits with positive gain, best gain: -inf
2026-06-20 21:11:31,841:INFO:[LightGBM] [Warning] No further splits with positive gain, best gain: -inf
2026-06-20 21:11:31,842:INFO:[LightGBM] [Warning] No further splits with positive gain, best gain: -inf
2026-06-20 21:11:31,843:INFO:[LightGBM] [Warning] No further splits with positive gain, best gain: -inf
2026-06-20 21:11:31,844:INFO:[LightGBM] [Warning] No further splits with positive gain, best gain: -inf
2026-06-20 21:11:31,846:INFO:[LightGBM] [Warning] No further splits with positive gain, best gain: -inf
2026-06-20 21:11:31,847:INFO:[LightGBM] [Warning] No further splits with positive gain, best gain: -inf
2026-06-20 21:11:31,848:INFO:[LightGBM] [Warning] No further splits with positive gain, best gain: -inf
2026-06-20 21:11:31,849:INFO:[LightGBM] [Warning] No further splits with positive gain, best gain: -inf
2026-06-20 21:11:31,850:INFO:[LightGBM] [Warning] No further splits with positive gain, best gain: -inf
2026-06-20 21:11:31,851:INFO:[LightGBM] [Warning] No further splits with positive gain, best gain: -inf
2026-06-20 21:11:31,852:INFO:[LightGBM] [Warning] No further splits with positive gain, best gain: -inf
2026-06-20 21:11:31,853:INFO:[LightGBM] [Warning] No further splits with positive gain, best gain: -inf
2026-06-20 21:11:31,855:INFO:[LightGBM] [Warning] No further splits with positive gain, best gain: -inf
2026-06-20 21:11:31,856:INFO:[LightGBM] [Warning] No further splits with positive gain, best gain: -inf
2026-06-20 21:11:31,857:INFO:[LightGBM] [Warning] No further splits with positive gain, best gain: -inf
2026-06-20 21:11:31,858:INFO:[LightGBM] [Warning] No further splits with positive gain, best gain: -inf
2026-06-20 21:11:31,859:INFO:[LightGBM] [Warning] No further splits with positive gain, best gain: -inf
2026-06-20 21:11:31,860:INFO:[LightGBM] [Warning] No further splits with positive gain, best gain: -inf
2026-06-20 21:11:31,861:INFO:[LightGBM] [Warning] No further splits with positive gain, best gain: -inf
2026-06-20 21:11:31,862:INFO:[LightGBM] [Warning] No further splits with positive gain, best gain: -inf
2026-06-20 21:11:31,863:INFO:[LightGBM] [Warning] No further splits with positive gain, best gain: -inf
2026-06-20 21:11:31,864:INFO:[LightGBM] [Warning] No further splits with positive gain, best gain: -inf
2026-06-20 21:11:31,865:INFO:[LightGBM] [Warning] No further splits with positive gain, best gain: -inf
2026-06-20 21:11:31,866:INFO:[LightGBM] [Warning] No further splits with positive gain, best gain: -inf
2026-06-20 21:11:31,867:INFO:[LightGBM] [Warning] No further splits with positive gain, best gain: -inf
2026-06-20 21:11:31,868:INFO:[LightGBM] [Warning] No further splits with positive gain, best gain: -inf
2026-06-20 21:11:31,869:INFO:[LightGBM] [Warning] No further splits with positive gain, best gain: -inf
2026-06-20 21:11:31,871:INFO:[LightGBM] [Warning] No further splits with positive gain, best gain: -inf
2026-06-20 21:11:31,872:INFO:[LightGBM] [Warning] No further splits with positive gain, best gain: -inf
2026-06-20 21:11:31,873:INFO:[LightGBM] [Warning] No further splits with positive gain, best gain: -inf
2026-06-20 21:11:31,874:INFO:[LightGBM] [Warning] No further splits with positive gain, best gain: -inf
2026-06-20 21:11:31,875:INFO:[LightGBM] [Warning] No further splits with positive gain, best gain: -inf
2026-06-20 21:11:31,876:INFO:[LightGBM] [Warning] No further splits with positive gain, best gain: -inf
2026-06-20 21:11:31,877:INFO:[LightGBM] [Warning] No further splits with positive gain, best gain: -inf
2026-06-20 21:11:31,878:INFO:[LightGBM] [Warning] No further splits with positive gain, best gain: -inf
2026-06-20 21:11:31,879:INFO:[LightGBM] [Warning] No further splits with positive gain, best gain: -inf
2026-06-20 21:11:31,880:INFO:[LightGBM] [Warning] No further splits with positive gain, best gain: -inf
2026-06-20 21:11:31,881:INFO:[LightGBM] [Warning] No further splits with positive gain, best gain: -inf
2026-06-20 21:11:31,882:INFO:[LightGBM] [Warning] No further splits with positive gain, best gain: -inf
2026-06-20 21:11:31,883:INFO:[LightGBM] [Warning] No further splits with positive gain, best gain: -inf
2026-06-20 21:11:31,884:INFO:[LightGBM] [Warning] No further splits with positive gain, best gain: -inf
2026-06-20 21:11:31,885:INFO:[LightGBM] [Warning] No further splits with positive gain, best gain: -inf
2026-06-20 21:11:31,886:INFO:[LightGBM] [Warning] No further splits with positive gain, best gain: -inf
2026-06-20 21:11:31,888:INFO:[LightGBM] [Warning] No further splits with positive gain, best gain: -inf
2026-06-20 21:11:31,889:INFO:[LightGBM] [Warning] No further splits with positive gain, best gain: -inf
2026-06-20 21:11:31,890:INFO:[LightGBM] [Warning] No further splits with positive gain, best gain: -inf
2026-06-20 21:11:31,891:INFO:[LightGBM] [Warning] No further splits with positive gain, best gain: -inf
2026-06-20 21:11:31,892:INFO:[LightGBM] [Warning] No further splits with positive gain, best gain: -inf
2026-06-20 21:11:31,893:INFO:[LightGBM] [Warning] No further splits with positive gain, best gain: -inf
2026-06-20 21:11:31,894:INFO:[LightGBM] [Warning] No further splits with positive gain, best gain: -inf
2026-06-20 21:11:31,895:INFO:[LightGBM] [Warning] No further splits with positive gain, best gain: -inf
2026-06-20 21:11:31,896:INFO:[LightGBM] [Warning] No further splits with positive gain, best gain: -inf
2026-06-20 21:11:31,897:INFO:[LightGBM] [Warning] No further splits with positive gain, best gain: -inf
2026-06-20 21:11:31,898:INFO:[LightGBM] [Warning] No further splits with positive gain, best gain: -inf
2026-06-20 21:11:31,900:INFO:[LightGBM] [Warning] No further splits with positive gain, best gain: -inf
2026-06-20 21:11:31,901:INFO:[LightGBM] [Warning] No further splits with positive gain, best gain: -inf
2026-06-20 21:11:31,902:INFO:[LightGBM] [Warning] No further splits with positive gain, best gain: -inf
2026-06-20 21:11:31,902:INFO:[LightGBM] [Warning] No further splits with positive gain, best gain: -inf
2026-06-20 21:11:31,904:INFO:[LightGBM] [Warning] No further splits with positive gain, best gain: -inf
2026-06-20 21:11:31,905:INFO:[LightGBM] [Warning] No further splits with positive gain, best gain: -inf
2026-06-20 21:11:31,906:INFO:[LightGBM] [Warning] No further splits with positive gain, best gain: -inf
2026-06-20 21:11:31,907:INFO:[LightGBM] [Warning] No further splits with positive gain, best gain: -inf
2026-06-20 21:11:31,908:INFO:[LightGBM] [Warning] No further splits with positive gain, best gain: -inf
2026-06-20 21:11:31,909:INFO:[LightGBM] [Warning] No further splits with positive gain, best gain: -inf
2026-06-20 21:11:31,910:INFO:[LightGBM] [Warning] No further splits with positive gain, best gain: -inf
2026-06-20 21:11:31,911:INFO:[LightGBM] [Warning] No further splits with positive gain, best gain: -inf
2026-06-20 21:11:31,912:INFO:[LightGBM] [Warning] No further splits with positive gain, best gain: -inf
2026-06-20 21:11:31,913:INFO:[LightGBM] [Warning] No further splits with positive gain, best gain: -inf
2026-06-20 21:11:31,914:INFO:[LightGBM] [Warning] No further splits with positive gain, best gain: -inf
2026-06-20 21:11:31,915:INFO:[LightGBM] [Warning] No further splits with positive gain, best gain: -inf
2026-06-20 21:11:31,917:INFO:[LightGBM] [Warning] No further splits with positive gain, best gain: -inf
2026-06-20 21:11:31,918:INFO:[LightGBM] [Warning] No further splits with positive gain, best gain: -inf
2026-06-20 21:11:31,919:INFO:[LightGBM] [Warning] No further splits with positive gain, best gain: -inf
2026-06-20 21:11:31,920:INFO:[LightGBM] [Warning] No further splits with positive gain, best gain: -inf
2026-06-20 21:11:31,921:INFO:[LightGBM] [Warning] No further splits with positive gain, best gain: -inf
2026-06-20 21:11:31,922:INFO:[LightGBM] [Warning] No further splits with positive gain, best gain: -inf
2026-06-20 21:11:31,923:INFO:[LightGBM] [Warning] No further splits with positive gain, best gain: -inf
2026-06-20 21:11:31,924:INFO:[LightGBM] [Warning] No further splits with positive gain, best gain: -inf
2026-06-20 21:11:31,925:INFO:[LightGBM] [Warning] No further splits with positive gain, best gain: -inf
2026-06-20 21:11:31,926:INFO:[LightGBM] [Warning] No further splits with positive gain, best gain: -inf
2026-06-20 21:11:31,928:INFO:[LightGBM] [Warning] No further splits with positive gain, best gain: -inf
2026-06-20 21:11:31,929:INFO:[LightGBM] [Warning] No further splits with positive gain, best gain: -inf
2026-06-20 21:11:31,930:INFO:[LightGBM] [Warning] No further splits with positive gain, best gain: -inf
2026-06-20 21:11:31,931:INFO:[LightGBM] [Warning] No further splits with positive gain, best gain: -inf
2026-06-20 21:11:31,932:INFO:[LightGBM] [Warning] No further splits with positive gain, best gain: -inf
2026-06-20 21:11:31,933:INFO:[LightGBM] [Warning] No further splits with positive gain, best gain: -inf
2026-06-20 21:11:31,934:INFO:[LightGBM] [Warning] No further splits with positive gain, best gain: -inf
2026-06-20 21:11:31,935:INFO:[LightGBM] [Warning] No further splits with positive gain, best gain: -inf
2026-06-20 21:11:31,936:INFO:[LightGBM] [Warning] No further splits with positive gain, best gain: -inf
2026-06-20 21:11:31,937:INFO:[LightGBM] [Warning] No further splits with positive gain, best gain: -inf
2026-06-20 21:11:31,938:INFO:[LightGBM] [Warning] No further splits with positive gain, best gain: -inf
2026-06-20 21:11:31,939:INFO:[LightGBM] [Warning] No further splits with positive gain, best gain: -inf
2026-06-20 21:11:31,940:INFO:[LightGBM] [Warning] No further splits with positive gain, best gain: -inf
2026-06-20 21:11:31,941:INFO:[LightGBM] [Warning] No further splits with positive gain, best gain: -inf
2026-06-20 21:11:31,942:INFO:[LightGBM] [Warning] No further splits with positive gain, best gain: -inf
2026-06-20 21:11:31,943:INFO:[LightGBM] [Warning] No further splits with positive gain, best gain: -inf
2026-06-20 21:11:31,945:INFO:[LightGBM] [Warning] No further splits with positive gain, best gain: -inf
2026-06-20 21:11:31,946:INFO:[LightGBM] [Warning] No further splits with positive gain, best gain: -inf
2026-06-20 21:11:31,947:INFO:[LightGBM] [Warning] No further splits with positive gain, best gain: -inf
2026-06-20 21:11:31,948:INFO:[LightGBM] [Warning] No further splits with positive gain, best gain: -inf
2026-06-20 21:11:31,949:INFO:[LightGBM] [Warning] No further splits with positive gain, best gain: -inf
2026-06-20 21:11:31,950:INFO:[LightGBM] [Warning] No further splits with positive gain, best gain: -inf
2026-06-20 21:11:31,951:INFO:[LightGBM] [Warning] No further splits with positive gain, best gain: -inf
2026-06-20 21:11:31,952:INFO:[LightGBM] [Warning] No further splits with positive gain, best gain: -inf
2026-06-20 21:11:31,953:INFO:[LightGBM] [Warning] No further splits with positive gain, best gain: -inf
2026-06-20 21:11:31,954:INFO:[LightGBM] [Warning] No further splits with positive gain, best gain: -inf
2026-06-20 21:11:31,955:INFO:[LightGBM] [Warning] No further splits with positive gain, best gain: -inf
2026-06-20 21:11:31,956:INFO:[LightGBM] [Warning] No further splits with positive gain, best gain: -inf
2026-06-20 21:11:31,957:INFO:[LightGBM] [Warning] No further splits with positive gain, best gain: -inf
2026-06-20 21:11:31,958:INFO:[LightGBM] [Warning] No further splits with positive gain, best gain: -inf
2026-06-20 21:11:31,959:INFO:[LightGBM] [Warning] No further splits with positive gain, best gain: -inf
2026-06-20 21:11:31,960:INFO:[LightGBM] [Warning] No further splits with positive gain, best gain: -inf
2026-06-20 21:11:31,961:INFO:[LightGBM] [Warning] No further splits with positive gain, best gain: -inf
2026-06-20 21:11:31,962:INFO:[LightGBM] [Warning] No further splits with positive gain, best gain: -inf
2026-06-20 21:11:31,964:INFO:[LightGBM] [Warning] No further splits with positive gain, best gain: -inf
2026-06-20 21:11:31,965:INFO:[LightGBM] [Warning] No further splits with positive gain, best gain: -inf
2026-06-20 21:11:31,965:INFO:[LightGBM] [Warning] No further splits with positive gain, best gain: -inf
2026-06-20 21:11:31,967:INFO:[LightGBM] [Warning] No further splits with positive gain, best gain: -inf
2026-06-20 21:11:31,968:INFO:[LightGBM] [Warning] No further splits with positive gain, best gain: -inf
2026-06-20 21:11:31,969:INFO:[LightGBM] [Warning] No further splits with positive gain, best gain: -inf
2026-06-20 21:11:31,970:INFO:[LightGBM] [Warning] No further splits with positive gain, best gain: -inf
2026-06-20 21:11:31,971:INFO:[LightGBM] [Warning] No further splits with positive gain, best gain: -inf
2026-06-20 21:11:31,972:INFO:[LightGBM] [Warning] No further splits with positive gain, best gain: -inf
2026-06-20 21:11:31,973:INFO:[LightGBM] [Warning] No further splits with positive gain, best gain: -inf
2026-06-20 21:11:31,974:INFO:[LightGBM] [Warning] No further splits with positive gain, best gain: -inf
2026-06-20 21:11:31,975:INFO:[LightGBM] [Warning] No further splits with positive gain, best gain: -inf
2026-06-20 21:11:31,978:INFO:Uploading results into container
2026-06-20 21:11:31,979:INFO:Uploading model into container now
2026-06-20 21:11:31,979:INFO:_master_model_container: 19
2026-06-20 21:11:31,979:INFO:_display_container: 3
2026-06-20 21:11:31,980:INFO:LGBMRegressor(bagging_fraction=1.0, bagging_freq=4, feature_fraction=0.5,
              learning_rate=0.15, min_child_samples=46, min_split_gain=0.3,
              n_estimators=280, n_jobs=-1, num_leaves=100, random_state=123,
              reg_alpha=4, reg_lambda=3)
2026-06-20 21:11:31,980:INFO:create_model() successfully completed......................................
2026-06-20 21:11:32,022:INFO:SubProcess create_model() end ==================================
2026-06-20 21:11:32,022:INFO:choose_better activated
2026-06-20 21:11:32,023:INFO:SubProcess create_model() called ==================================
2026-06-20 21:11:32,023:INFO:Initializing create_model()
2026-06-20 21:11:32,023:INFO:create_model(self=<pycaret.regression.oop.RegressionExperiment object at 0x1099bf990>, estimator=LGBMRegressor(n_jobs=-1, random_state=123), fold=KFold(n_splits=10, random_state=None, shuffle=False), round=4, cross_validation=True, predict=True, fit_kwargs={}, groups=None, refit=True, probability_threshold=None, experiment_custom_tags=None, verbose=False, system=False, add_to_model_list=True, metrics=None, display=None, model_only=True, return_train_score=False, error_score=0.0, kwargs={})
2026-06-20 21:11:32,023:INFO:Checking exceptions
2026-06-20 21:11:32,024:INFO:Importing libraries
2026-06-20 21:11:32,024:INFO:Copying training dataset
2026-06-20 21:11:32,025:INFO:Defining folds
2026-06-20 21:11:32,025:INFO:Declaring metric variables
2026-06-20 21:11:32,025:INFO:Importing untrained model
2026-06-20 21:11:32,025:INFO:Declaring custom model
2026-06-20 21:11:32,026:INFO:Light Gradient Boosting Machine Imported successfully
2026-06-20 21:11:32,026:INFO:Starting cross validation
2026-06-20 21:11:32,026:INFO:Cross validating with KFold(n_splits=10, random_state=None, shuffle=False), n_jobs=-1
2026-06-20 21:11:33,756:INFO:Calculating mean and std
2026-06-20 21:11:33,756:INFO:Creating metrics dataframe
2026-06-20 21:11:33,756:INFO:Finalizing model
2026-06-20 21:11:33,759:INFO:[LightGBM] [Info] Auto-choosing col-wise multi-threading, the overhead of testing was 0.000160 seconds.
2026-06-20 21:11:33,759:INFO:You can set `force_col_wise=true` to remove the overhead.
2026-06-20 21:11:33,759:INFO:[LightGBM] [Info] Total Bins 846
2026-06-20 21:11:33,759:INFO:[LightGBM] [Info] Number of data points in the train set: 721, number of used features: 8
2026-06-20 21:11:33,759:INFO:[LightGBM] [Info] Start training from score 35.933675
2026-06-20 21:11:33,762:INFO:[LightGBM] [Warning] No further splits with positive gain, best gain: -inf
2026-06-20 21:11:33,765:INFO:[LightGBM] [Warning] No further splits with positive gain, best gain: -inf
2026-06-20 21:11:33,767:INFO:[LightGBM] [Warning] No further splits with positive gain, best gain: -inf
2026-06-20 21:11:33,770:INFO:[LightGBM] [Warning] No further splits with positive gain, best gain: -inf
2026-06-20 21:11:33,772:INFO:[LightGBM] [Warning] No further splits with positive gain, best gain: -inf
2026-06-20 21:11:33,775:INFO:[LightGBM] [Warning] No further splits with positive gain, best gain: -inf
2026-06-20 21:11:33,777:INFO:[LightGBM] [Warning] No further splits with positive gain, best gain: -inf
2026-06-20 21:11:33,780:INFO:[LightGBM] [Warning] No further splits with positive gain, best gain: -inf
2026-06-20 21:11:33,782:INFO:[LightGBM] [Warning] No further splits with positive gain, best gain: -inf
2026-06-20 21:11:33,785:INFO:[LightGBM] [Warning] No further splits with positive gain, best gain: -inf
2026-06-20 21:11:33,787:INFO:[LightGBM] [Warning] No further splits with positive gain, best gain: -inf
2026-06-20 21:11:33,789:INFO:[LightGBM] [Warning] No further splits with positive gain, best gain: -inf
2026-06-20 21:11:33,791:INFO:[LightGBM] [Warning] No further splits with positive gain, best gain: -inf
2026-06-20 21:11:33,794:INFO:[LightGBM] [Warning] No further splits with positive gain, best gain: -inf
2026-06-20 21:11:33,796:INFO:[LightGBM] [Warning] No further splits with positive gain, best gain: -inf
2026-06-20 21:11:33,799:INFO:[LightGBM] [Warning] No further splits with positive gain, best gain: -inf
2026-06-20 21:11:33,801:INFO:[LightGBM] [Warning] No further splits with positive gain, best gain: -inf
2026-06-20 21:11:33,803:INFO:[LightGBM] [Warning] No further splits with positive gain, best gain: -inf
2026-06-20 21:11:33,805:INFO:[LightGBM] [Warning] No further splits with positive gain, best gain: -inf
2026-06-20 21:11:33,808:INFO:[LightGBM] [Warning] No further splits with positive gain, best gain: -inf
2026-06-20 21:11:33,810:INFO:[LightGBM] [Warning] No further splits with positive gain, best gain: -inf
2026-06-20 21:11:33,813:INFO:[LightGBM] [Warning] No further splits with positive gain, best gain: -inf
2026-06-20 21:11:33,815:INFO:[LightGBM] [Warning] No further splits with positive gain, best gain: -inf
2026-06-20 21:11:33,818:INFO:[LightGBM] [Warning] No further splits with positive gain, best gain: -inf
2026-06-20 21:11:33,820:INFO:[LightGBM] [Warning] No further splits with positive gain, best gain: -inf
2026-06-20 21:11:33,822:INFO:[LightGBM] [Warning] No further splits with positive gain, best gain: -inf
2026-06-20 21:11:33,825:INFO:[LightGBM] [Warning] No further splits with positive gain, best gain: -inf
2026-06-20 21:11:33,827:INFO:[LightGBM] [Warning] No further splits with positive gain, best gain: -inf
2026-06-20 21:11:33,830:INFO:[LightGBM] [Warning] No further splits with positive gain, best gain: -inf
2026-06-20 21:11:33,832:INFO:[LightGBM] [Warning] No further splits with positive gain, best gain: -inf
2026-06-20 21:11:33,835:INFO:[LightGBM] [Warning] No further splits with positive gain, best gain: -inf
2026-06-20 21:11:33,837:INFO:[LightGBM] [Warning] No further splits with positive gain, best gain: -inf
2026-06-20 21:11:33,840:INFO:[LightGBM] [Warning] No further splits with positive gain, best gain: -inf
2026-06-20 21:11:33,842:INFO:[LightGBM] [Warning] No further splits with positive gain, best gain: -inf
2026-06-20 21:11:33,844:INFO:[LightGBM] [Warning] No further splits with positive gain, best gain: -inf
2026-06-20 21:11:33,847:INFO:[LightGBM] [Warning] No further splits with positive gain, best gain: -inf
2026-06-20 21:11:33,849:INFO:[LightGBM] [Warning] No further splits with positive gain, best gain: -inf
2026-06-20 21:11:33,851:INFO:[LightGBM] [Warning] No further splits with positive gain, best gain: -inf
2026-06-20 21:11:33,854:INFO:[LightGBM] [Warning] No further splits with positive gain, best gain: -inf
2026-06-20 21:11:33,857:INFO:[LightGBM] [Warning] No further splits with positive gain, best gain: -inf
2026-06-20 21:11:33,859:INFO:[LightGBM] [Warning] No further splits with positive gain, best gain: -inf
2026-06-20 21:11:33,862:INFO:[LightGBM] [Warning] No further splits with positive gain, best gain: -inf
2026-06-20 21:11:33,865:INFO:[LightGBM] [Warning] No further splits with positive gain, best gain: -inf
2026-06-20 21:11:33,867:INFO:[LightGBM] [Warning] No further splits with positive gain, best gain: -inf
2026-06-20 21:11:33,869:INFO:[LightGBM] [Warning] No further splits with positive gain, best gain: -inf
2026-06-20 21:11:33,872:INFO:[LightGBM] [Warning] No further splits with positive gain, best gain: -inf
2026-06-20 21:11:33,875:INFO:[LightGBM] [Warning] No further splits with positive gain, best gain: -inf
2026-06-20 21:11:33,877:INFO:[LightGBM] [Warning] No further splits with positive gain, best gain: -inf
2026-06-20 21:11:33,879:INFO:[LightGBM] [Warning] No further splits with positive gain, best gain: -inf
2026-06-20 21:11:33,882:INFO:[LightGBM] [Warning] No further splits with positive gain, best gain: -inf
2026-06-20 21:11:33,885:INFO:[LightGBM] [Warning] No further splits with positive gain, best gain: -inf
2026-06-20 21:11:33,887:INFO:[LightGBM] [Warning] No further splits with positive gain, best gain: -inf
2026-06-20 21:11:33,889:INFO:[LightGBM] [Warning] No further splits with positive gain, best gain: -inf
2026-06-20 21:11:33,892:INFO:[LightGBM] [Warning] No further splits with positive gain, best gain: -inf
2026-06-20 21:11:33,894:INFO:[LightGBM] [Warning] No further splits with positive gain, best gain: -inf
2026-06-20 21:11:33,897:INFO:[LightGBM] [Warning] No further splits with positive gain, best gain: -inf
2026-06-20 21:11:33,900:INFO:[LightGBM] [Warning] No further splits with positive gain, best gain: -inf
2026-06-20 21:11:33,902:INFO:[LightGBM] [Warning] No further splits with positive gain, best gain: -inf
2026-06-20 21:11:33,904:INFO:[LightGBM] [Warning] No further splits with positive gain, best gain: -inf
2026-06-20 21:11:33,907:INFO:[LightGBM] [Warning] No further splits with positive gain, best gain: -inf
2026-06-20 21:11:33,908:INFO:[LightGBM] [Warning] No further splits with positive gain, best gain: -inf
2026-06-20 21:11:33,910:INFO:[LightGBM] [Warning] No further splits with positive gain, best gain: -inf
2026-06-20 21:11:33,913:INFO:[LightGBM] [Warning] No further splits with positive gain, best gain: -inf
2026-06-20 21:11:33,915:INFO:[LightGBM] [Warning] No further splits with positive gain, best gain: -inf
2026-06-20 21:11:33,918:INFO:[LightGBM] [Warning] No further splits with positive gain, best gain: -inf
2026-06-20 21:11:33,920:INFO:[LightGBM] [Warning] No further splits with positive gain, best gain: -inf
2026-06-20 21:11:33,922:INFO:[LightGBM] [Warning] No further splits with positive gain, best gain: -inf
2026-06-20 21:11:33,925:INFO:[LightGBM] [Warning] No further splits with positive gain, best gain: -inf
2026-06-20 21:11:33,927:INFO:[LightGBM] [Warning] No further splits with positive gain, best gain: -inf
2026-06-20 21:11:33,930:INFO:[LightGBM] [Warning] No further splits with positive gain, best gain: -inf
2026-06-20 21:11:33,932:INFO:[LightGBM] [Warning] No further splits with positive gain, best gain: -inf
2026-06-20 21:11:33,935:INFO:[LightGBM] [Warning] No further splits with positive gain, best gain: -inf
2026-06-20 21:11:33,937:INFO:[LightGBM] [Warning] No further splits with positive gain, best gain: -inf
2026-06-20 21:11:33,940:INFO:[LightGBM] [Warning] No further splits with positive gain, best gain: -inf
2026-06-20 21:11:33,942:INFO:[LightGBM] [Warning] No further splits with positive gain, best gain: -inf
2026-06-20 21:11:33,945:INFO:[LightGBM] [Warning] No further splits with positive gain, best gain: -inf
2026-06-20 21:11:33,947:INFO:[LightGBM] [Warning] No further splits with positive gain, best gain: -inf
2026-06-20 21:11:33,950:INFO:[LightGBM] [Warning] No further splits with positive gain, best gain: -inf
2026-06-20 21:11:33,952:INFO:[LightGBM] [Warning] No further splits with positive gain, best gain: -inf
2026-06-20 21:11:33,955:INFO:[LightGBM] [Warning] No further splits with positive gain, best gain: -inf
2026-06-20 21:11:33,958:INFO:[LightGBM] [Warning] No further splits with positive gain, best gain: -inf
2026-06-20 21:11:33,960:INFO:[LightGBM] [Warning] No further splits with positive gain, best gain: -inf
2026-06-20 21:11:33,963:INFO:[LightGBM] [Warning] No further splits with positive gain, best gain: -inf
2026-06-20 21:11:33,966:INFO:[LightGBM] [Warning] No further splits with positive gain, best gain: -inf
2026-06-20 21:11:33,968:INFO:[LightGBM] [Warning] No further splits with positive gain, best gain: -inf
2026-06-20 21:11:33,971:INFO:[LightGBM] [Warning] No further splits with positive gain, best gain: -inf
2026-06-20 21:11:33,973:INFO:[LightGBM] [Warning] No further splits with positive gain, best gain: -inf
2026-06-20 21:11:33,976:INFO:[LightGBM] [Warning] No further splits with positive gain, best gain: -inf
2026-06-20 21:11:33,978:INFO:[LightGBM] [Warning] No further splits with positive gain, best gain: -inf
2026-06-20 21:11:33,981:INFO:[LightGBM] [Warning] No further splits with positive gain, best gain: -inf
2026-06-20 21:11:33,983:INFO:[LightGBM] [Warning] No further splits with positive gain, best gain: -inf
2026-06-20 21:11:33,986:INFO:[LightGBM] [Warning] No further splits with positive gain, best gain: -inf
2026-06-20 21:11:33,988:INFO:[LightGBM] [Warning] No further splits with positive gain, best gain: -inf
2026-06-20 21:11:33,991:INFO:[LightGBM] [Warning] No further splits with positive gain, best gain: -inf
2026-06-20 21:11:33,993:INFO:[LightGBM] [Warning] No further splits with positive gain, best gain: -inf
2026-06-20 21:11:33,996:INFO:[LightGBM] [Warning] No further splits with positive gain, best gain: -inf
2026-06-20 21:11:33,998:INFO:[LightGBM] [Warning] No further splits with positive gain, best gain: -inf
2026-06-20 21:11:34,001:INFO:[LightGBM] [Warning] No further splits with positive gain, best gain: -inf
2026-06-20 21:11:34,003:INFO:[LightGBM] [Warning] No further splits with positive gain, best gain: -inf
2026-06-20 21:11:34,006:INFO:[LightGBM] [Warning] No further splits with positive gain, best gain: -inf
2026-06-20 21:11:34,008:INFO:Uploading results into container
2026-06-20 21:11:34,008:INFO:Uploading model into container now
2026-06-20 21:11:34,008:INFO:_master_model_container: 20
2026-06-20 21:11:34,008:INFO:_display_container: 4
2026-06-20 21:11:34,008:INFO:LGBMRegressor(n_jobs=-1, random_state=123)
2026-06-20 21:11:34,008:INFO:create_model() successfully completed......................................
2026-06-20 21:11:34,055:INFO:SubProcess create_model() end ==================================
2026-06-20 21:11:34,055:INFO:LGBMRegressor(n_jobs=-1, random_state=123) result for R2 is 0.9215
2026-06-20 21:11:34,056:INFO:LGBMRegressor(bagging_fraction=1.0, bagging_freq=4, feature_fraction=0.5,
              learning_rate=0.15, min_child_samples=46, min_split_gain=0.3,
              n_estimators=280, n_jobs=-1, num_leaves=100, random_state=123,
              reg_alpha=4, reg_lambda=3) result for R2 is 0.9255
2026-06-20 21:11:34,056:INFO:LGBMRegressor(bagging_fraction=1.0, bagging_freq=4, feature_fraction=0.5,
              learning_rate=0.15, min_child_samples=46, min_split_gain=0.3,
              n_estimators=280, n_jobs=-1, num_leaves=100, random_state=123,
              reg_alpha=4, reg_lambda=3) is best model
2026-06-20 21:11:34,056:INFO:choose_better completed
2026-06-20 21:11:34,058:INFO:_master_model_container: 20
2026-06-20 21:11:34,059:INFO:_display_container: 3
2026-06-20 21:11:34,059:INFO:LGBMRegressor(bagging_fraction=1.0, bagging_freq=4, feature_fraction=0.5,
              learning_rate=0.15, min_child_samples=46, min_split_gain=0.3,
              n_estimators=280, n_jobs=-1, num_leaves=100, random_state=123,
              reg_alpha=4, reg_lambda=3)
2026-06-20 21:11:34,059:INFO:tune_model() successfully completed......................................
